# word<TAB>occurrences per billion tokens, averaged over sources
# license: CC BY-SA 4.0; sources and attribution: data/ATTRIBUTION.md
# source: vie-vn_web_2015_1M-words.txt
# source: vie_news_2022_1M-words.txt
# source: vi_50k.txt
và	24511498
của	22832887
là	20791922
có	19099845
các	16649771
không	15896290
được	14470548
đã	13216626
trong	13149793
với	12835734
tôi	12580160
một	12319025
cho	10797904
những	10205535
sẽ	9464641
để	9240677
này	9089006
anh	8751622
người	8085002
đến	6926882
về	6919728
khi	6303864
phải	6261678
năm	6178814
nhiều	6133080
cũng	6026488
từ	5827392
ở	5720244
vào	5641582
trên	5563200
tại	5531840
đó	5434267
làm	5201458
ông	5064983
đi	4984789
nhưng	4886994
ta	4844813
bạn	4727158
đang	4606612
hơn	4426938
việc	4408614
như	4384235
thì	4256984
còn	4244826
đây	4223369
mà	4190800
lại	4165993
ngày	4157064
theo	4143205
gì	4037480
rất	4033921
cô	3899502
bị	3778426
chỉ	3727378
chúng	3634063
rồi	3538653
con	3523839
mình	3463285
em	3458607
nói	3363894
mới	3320668
nhất	3275822
ra	3239947
nó	3045520
biết	3043899
họ	2950915
nếu	2861352
tới	2832502
sau	2791937
cần	2787115
vì	2781486
nên	2773217
nào	2680000
vẫn	2666278
đồng	2643227
cùng	2518135
muốn	2496121
cả	2492315
nhà	2476093
sao	2441956
tháng	2397472
lên	2396620
chưa	2344174
điều	2280153
thể	2239065
thế	2228672
cái	2213750
vậy	2192264
cao	2181190
trước	2177969
do	2143769
cậu	2134035
số	2118477
thấy	2084196
nước	2068263
khác	2023439
lớn	2022556
hay	1992963
ấy	1986818
tăng	1986478
bộ	1961999
hai	1953072
qua	1920025
tỉnh	1914960
tốt	1903693
giúp	1897153
giờ	1806809
bằng	1790758
cách	1756907
chính	1740459
chuyện	1672549
hoặc	1664946
giá	1640596
đều	1611933
đầu	1580810
thứ	1537136
bà	1535515
tỷ	1533645
triệu	1532823
đâu	1531913
ai	1518366
lần	1494151
trường	1471614
rằng	1459147
nữa	1422292
khiến	1409855
thêm	1408308
thật	1401950
khoảng	1395908
giảm	1389349
đạt	1382620
đường	1373854
loại	1370951
xe	1368121
nghĩ	1367657
đúng	1359568
thôi	1323590
thành	1323008
vừa	1322426
mang	1310187
mẹ	1304874
quá	1303596
hàng	1303428
điểm	1286076
luôn	1272363
từng	1271952
so	1265651
ngay	1243863
hãy	1238837
xin	1211208
tìm	1208244
nơi	1202922
mọi	1189466
cuộc	1174898
mỹ	1170796
tuổi	1157057
gặp	1150610
tiền	1147623
nay	1141186
đấy	1122281
gần	1116179
mức	1108198
giữa	1100569
xem	1096917
chị	1094349
ăn	1066446
đất	1063799
tên	1052160
chứ	1039516
bởi	1036524
trẻ	1035014
mua	1034920
sống	1017386
hắn	1014789
tính	1014439
nhận	1011528
học	1009058
ngoài	1008054
mỗi	993799
giải	985514
phòng	980999
dùng	973288
đưa	959530
nghe	957375
chiếc	956265
phần	954854
tin	945119
hết	944935
cấp	941330
nhỏ	913659
gây	907620
huyện	893108
ngành	883089
vụ	882653
thường	871830
à	857307
chết	856834
mất	852489
đừng	850267
nhìn	850142
đẹp	843087
bán	842952
khu	842006
cuối	839401
tự	836819
lấy	830688
sự	829785
lúc	827484
hiện	826419
vùng	814399
công	811807
nga	808086
chọn	795105
vốn	790120
dù	789538
tay	788534
đủ	785178
dưới	784667
bên	782197
mạnh	779573
tạo	771403
xã	770887
cứ	762695
thích	755189
nhóm	745087
thuộc	744650
đội	742203
mặt	741408
tiếng	740801
xuống	738938
bé	738621
khá	737358
yêu	725719
vàng	721717
nhanh	718296
chơi	715524
cháu	715242
tổng	705464
giữ	703970
mạng	703391
hiểu	696704
sang	690809
máy	686476
mày	686001
trận	678148
phía	677839
lời	677820
bố	676511
tớ	674998
khó	661752
gọi	657206
nam	655642
lỗi	650431
ý	647960
điện	647685
khỏi	644927
sinh	644416
đặt	642902
ơn	641081
ít	637756
nguồn	636661
bao	631429
nhau	630780
giống	628259
toàn	627711
tuần	627555
dành	626823
bắt	623868
ban	623454
riêng	621057
lượng	620828
ba	619314
nữ	618342
mở	611929
phim	609119
sở	606202
lắm	604789
kỳ	602592
chuyển	602224
vài	594834
thuốc	585142
cảm	582897
trang	579656
càng	577723
chắc	577026
vòng	574919
ảnh	572951
sáng	570116
nhân	569621
bệnh	565926
phút	565460
lớp	562624
bỏ	561811
khách	558285
cây	557153
bảo	551033
nhằm	550433
dẫn	549584
việt	549208
rõ	548432
thời	548187
mùa	543920
tao	542469
đáng	541282
tất	540705
chống	537753
dễ	536195
vị	529629
nhé	524733
hỏi	523919
hướng	523826
gửi	520159
đồ	518941
sớm	517888
chẳng	516741
nhớ	515881
quý	515795
chạy	512208
biển	508070
quan	504802
hình	503797
báo	501840
mấy	500020
dầu	498770
thấp	493784
chân	487620
bọn	485984
chào	485964
quyền	483522
sân	483063
định	482427
dài	481643
da	478390
vợ	477083
hội	476919
thi	474687
cầu	474679
chung	473557
thiếu	472478
giết	472344
độ	463353
đêm	460780
nhờ	459549
đứng	458982
quay	458827
cơ	458194
tiếp	454271
chỗ	454007
bàn	453746
pháp	450944
bản	450113
chú	448383
màu	446724
bảng	443673
chất	442621
chồng	441949
tuyến	441639
thu	439097
giới	438159
dân	438081
gái	437512
xa	437183
tối	437125
nằm	436460
chủ	435348
trả	434888
quận	434063
cha	433884
kẻ	432319
vui	430735
luật	429524
chiều	429089
đầy	428344
cảnh	427857
đánh	427461
nền	426168
bài	425618
trở	424192
buổi	421751
thuế	419269
câu	419179
ngài	418381
chịu	415810
dòng	415269
giao	414665
gia	411505
lâu	409935
chờ	408701
tránh	405882
mẫu	405013
kể	402568
ngồi	399698
cửa	399396
hòa	397216
tàu	396287
cổ	393363
viết	390138
coi	389904
miền	389622
bình	386860
kết	384006
đá	380483
phát	380221
sát	378717
hoa	378165
hộ	377627
tập	376383
thay	376207
a	376083
gồm	375244
quả	372760
uống	371673
cá	370420
chúa	370362
ghi	368561
hả	368372
cũ	368064
tâm	365881
đấu	365084
đức	363479
tấn	362671
thầy	362240
viên	361936
động	360139
chút	359626
hôm	359593
xanh	359224
trời	356605
bóng	356458
mắt	356114
đại	355539
thực	355538
ca	355344
ngươi	355193
tình	355026
chiếm	352333
mối	351028
bước	350633
cứu	349095
bất	348624
đảng	348480
bay	348273
đông	347131
tết	347073
thưa	344307
dịch	342824
kia	341628
hãng	341090
áo	340785
cố	340754
bác	339569
i	338985
xong	337542
xăng	335661
thương	335379
món	332985
trái	332572
tuyệt	331279
phố	330528
ngủ	327576
kiểu	325615
viện	325353
thằng	324402
phó	322802
lý	322455
sợ	320310
sắp	320101
dừng	320025
máu	319735
lo	319553
dần	317574
sức	316918
song	316769
sạch	315915
quân	315883
chiến	315788
vé	315561
trai	313770
nóng	313234
phụ	313208
hợp	312745
vâng	309626
lập	309618
đọc	308071
bắc	307848
thử	306386
nghĩa	305853
lượt	305031
tuyển	302190
đề	301176
nặng	301153
ơi	300565
khí	300344
đoàn	299004
thân	297799
hành	297515
phường	296881
đời	296703
đón	295030
ngon	294965
bây	294316
nghỉ	293535
ổn	293530
khóa	292919
đỏ	292874
in	292744
trung	291949
đổi	291913
gian	291899
giành	289877
vượt	288814
châu	288779
rộng	288359
đối	287263
vô	285706
phiên	285113
to	284101
an	283573
sĩ	282411
trưởng	281886
lực	281849
nhiên	281800
khoản	278577
đóng	278456
thông	277655
chuẩn	276562
thắng	276212
lẽ	276164
biến	275990
thần	275665
đoạn	275164
mã	274957
sông	274752
diễn	274747
trải	274539
đôi	274473
nghiệm	272588
đứa	272344
tưởng	272333
lòng	271113
cục	270936
mặc	270718
lễ	270673
sâu	270061
xấu	269839
nàng	269834
mời	267888
sơn	267735
trò	266219
sách	266040
nhật	263971
ký	262406
liên	261143
dự	260851
sai	260030
khối	259450
phí	259343
cung	259078
quỹ	258695
trông	258675
nuôi	258256
bắn	257625
nợ	257392
may	257203
đảo	257116
kiếm	256921
đơn	255738
môn	254851
quên	253375
vai	253346
thăm	253147
chứa	252914
vẻ	252469
sẵn	250697
tiên	250168
xảy	250121
tội	249956
trắng	249105
dạy	247572
liệu	247008
đau	246370
tặng	246163
cảng	246002
nổi	245410
đàn	244277
trọng	243846
nghề	243637
thuê	242817
tài	242642
hơi	240337
hạ	239852
á	239533
trình	237638
hóa	237575
xét	236286
đợt	233821
tóc	233785
siêu	233043
thanh	232897
tim	231268
giấy	230482
giỏi	227959
hồi	227192
nhập	226774
mong	226073
hoàn	225894
đen	224497
chuyên	224373
vấn	223590
mắc	223438
chi	223135
đợi	222391
tây	221279
chứng	219768
hồ	219726
thịt	219529
trồng	219253
gói	218867
cám	218225
thua	217563
sữa	216689
súng	214960
chuyến	214688
tra	213844
tổ	213675
quyết	213610
dạng	213560
biệt	213431
thẻ	213367
tiêm	213223
làng	213101
quốc	212296
sàn	212197
xác	212096
ha	212019
hệ	211213
khỏe	211023
lá	210304
bánh	209533
tạm	209508
tầng	208844
dịp	207671
the	206883
khoa	206800
tranh	206247
chia	206132
lợi	206130
lạnh	205785
ma	205551
hưởng	205202
rơi	205056
suốt	204958
màn	204922
kéo	204866
chó	204774
quán	204584
rời	204535
nhẹ	204483
kém	204051
cắt	203748
cân	202867
phá	202722
y	202531
ngừng	202039
chậm	201718
vay	201226
vật	201178
lệnh	200586
yên	200522
tiến	199844
thư	198945
chữ	198690
phi	198099
bầu	197953
tử	197872
kênh	197536
tiêu	196956
núi	196884
kế	195871
nguyên	195860
minh	195769
ôi	194633
chúc	194106
rượu	193988
nhạc	193940
thoát	192938
seo	192331
buộc	191533
cánh	191149
trăm	191126
đăng	190504
hè	190371
cực	190071
mừng	189408
cười	189347
năng	188725
rừng	188634
tái	188489
lối	188248
xuất	187946
trừ	187224
nhỉ	187027
huế	186810
xử	186710
đổ	185641
nghìn	185594
nộp	184975
loài	183836
tệ	183467
hiệu	183230
mũi	183132
nắng	183128
tòa	182598
mu	182388
hát	181340
nhiễm	180673
giàu	180266
vệ	178993
nét	177910
chợ	177827
mưa	177805
ngắn	177616
chàng	176987
giả	176866
gắn	176691
thủ	176490
gấp	175635
kinh	175032
gió	174445
mục	174069
trí	174005
vua	173820
phạm	173795
nửa	173765
căn	173549
khắp	173389
đình	173032
gã	172581
diện	172243
pha	172086
cộng	172024
loạt	172023
xây	171872
thức	171467
tươi	171457
túi	170788
ngàn	169465
tuy	169463
phép	169390
xếp	169277
duy	169194
lịch	169156
mai	168817
hại	168477
rút	168004
vọng	167961
khám	167813
sửa	167530
chục	167458
tỉ	167386
cầm	167356
án	167014
tức	166927
kiểm	166751
kì	166491
dây	166010
vườn	165799
cưới	165626
truyền	165226
phạt	165049
thái	165008
tấm	164994
nghèo	164689
lạ	164588
hủy	164344
nghi	163725
mãi	163628
tầm	163604
thú	163270
thiên	163040
lũ	161466
sư	161201
cháy	160592
quà	159653
ngôi	159436
chuỗi	159433
ngoại	159193
chức	158616
buồn	158341
dấu	158123
nâng	158061
sóng	157195
phương	157047
tận	156823
trao	156709
điên	155479
miệng	154650
băng	154502
dưỡng	154136
rửa	154092
trị	153969
ghế	153802
thống	153780
tiết	153623
xuân	152905
chắn	152764
đem	152667
tù	152470
khô	152405
góc	152013
lẫn	151903
phân	151796
thuyền	151762
sắc	150896
nêu	150567
quanh	150515
thôn	150480
dụng	150456
chụp	150426
tai	150089
địa	150005
di	149994
ngân	149948
lỗ	149789
mạch	149276
hôn	149042
thận	148453
cựu	148056
rau	148034
lửa	147833
gốc	147116
lái	147110
hẳn	147052
trạm	147048
cổng	146785
nhảy	146175
phong	146137
cấm	145586
độc	145468
hạng	145090
hoàng	144947
đặc	144916
bão	144841
phủ	144724
hiệp	144635
sốt	144466
quái	144417
thẳng	144241
vũ	143603
đẩy	143233
lạc	143195
yếu	142846
danh	142662
trà	142010
dám	141940
âm	141308
dậy	140452
kỹ	140353
hạt	140271
liền	139747
hộp	139412
thủy	139398
văn	139183
phục	138832
đèn	138475
giây	137713
đoán	137111
tư	137058
hồng	136844
gà	136615
ước	136412
nổ	135911
già	135598
hứa	135456
bốn	134989
ấm	134768
tượng	134668
sàng	134014
cuốn	133680
khóc	133638
tờ	133558
cụ	133418
tinh	131875
gỗ	131353
tướng	131077
liều	130480
lương	130357
mật	130212
khốn	129292
sử	129137
ly	129118
man	129082
thép	128638
sếp	128600
thai	128298
mùi	128273
quen	128179
quần	127645
tiếc	127505
tắt	127400
cát	127384
linh	127107
long	127021
tục	126364
hậu	126261
miếng	126019
chạm	125903
tân	125888
răng	125471
bậc	125327
thả	124825
xương	124633
ngăn	124398
chở	124388
váy	124244
toán	124077
tiểu	124020
bếp	124018
kho	123637
thuận	123368
khủng	122913
vỏ	122345
thải	122258
vết	122237
đạo	122179
hang	122170
kìa	122008
rác	121976
hy	121949
đa	121925
hằng	121680
lưới	121566
quê	120581
nghiệp	120528
nội	120453
não	120348
tùy	120321
thoại	120256
mốc	120174
đỡ	120057
đốt	119998
mau	119975
nấu	119761
chí	119757
lưu	119609
tường	119531
kính	119394
nhấn	119368
bò	118785
hút	118750
đài	118664
nút	118240
bang	118019
vân	117834
trứng	117691
suy	117514
ngang	117384
cặp	117174
tải	116805
nhiệm	116760
gạo	116642
giáo	116487
nạn	116397
e	116381
cử	116270
bức	115840
lính	115735
chữa	115697
hẹn	115554
khung	115382
thở	115272
thiết	115006
đô	114267
nắm	114125
bữa	114110
đám	113876
cướp	113551
cơn	113383
nghiêm	113371
săn	113307
ư	113258
giáp	112818
lộ	112817
lành	112737
nhắc	112568
hiểm	112564
nhiêu	112478
lãi	112346
thúc	111987
trốn	111732
chín	111545
thưởng	111384
mảnh	110874
thị	110660
phản	110428
thuật	110383
quy	110087
mơ	110073
niềm	109984
hạnh	109858
ô	109473
vi	109274
mái	109234
mềm	109191
trúng	108780
la	108767
dính	108587
viêm	108147
ngọt	108119
cú	107983
đỉnh	107851
thùng	107799
lan	107491
mát	107354
trần	107232
ổng	106774
gan	106615
nhiệt	106548
ống	106518
pin	106412
nối	106408
chặt	106326
thảo	105890
hùng	105820
đậu	105655
khoan	105454
khai	105185
biên	105071
đà	104911
phóng	104854
giường	104765
bụng	104725
muộn	104714
ấn	104575
nhựa	104148
thơm	104080
bãi	104079
hạn	103958
tôm	103902
thừa	103772
tĩnh	103714
vẽ	103602
hương	103498
cạnh	103296
hỏa	103227
kem	103082
tích	103055
chỉnh	102890
đập	102835
chả	102693
lào	102385
lúa	102372
xứ	102237
sổ	101777
rẻ	100994
vắc	100887
chừng	100715
tiệt	100508
bạc	100395
quỷ	100025
nhóc	99799
lít	99749
xóa	99655
thầu	99609
tương	99164
dáng	99123
hầm	99019
hoạch	99009
đùa	98995
tụi	98566
chảy	98482
chim	98456
ga	98258
nguy	98176
chương	98148
thổ	98003
lai	97972
họp	97705
tế	97597
hề	97471
lô	97304
bí	97276
bom	96931
mỡ	96727
hải	96620
cam	96467
dựng	96115
dương	95769
tiệc	95635
muối	95577
tắm	95479
bờ	95376
rối	95066
vời	95022
treo	94733
dao	94527
tác	94303
đeo	94022
chuột	93831
đuổi	93776
kim	93711
khăn	93638
tham	93497
dối	93156
chiếu	93098
tung	92950
đào	92713
ngược	92713
bột	92255
sắt	91885
trộm	91828
chăm	91822
kích	91720
sơ	91428
mảng	91267
tốn	91096
ánh	91062
dọc	90806
ngu	90781
ngập	90726
ngựa	90724
đạn	90703
tròn	90619
kịp	90551
lí	90415
mực	90269
lão	89933
cơm	89717
nỗi	89694
chùa	89618
chế	89572
khâu	89313
kiến	89201
suất	89086
cáo	89040
sản	88225
khoe	88212
thất	88112
ủy	88064
vươn	87702
hoạt	87620
cứng	87305
ghép	87097
ghét	86945
khổ	86913
khuyên	86569
vải	86312
u	85975
ngờ	85729
nè	85514
ruột	85507
ảo	85487
canh	85462
cưng	85136
sa	84953
khả	84946
mỏng	84773
lưng	84719
đói	84643
bật	84641
phúc	84585
mèo	84473
thượng	84409
than	84372
lừa	84276
ngốc	84200
cột	84048
khớp	84021
phiếu	83941
chặn	83911
trưa	83884
dư	83834
xưa	83809
cụm	83526
phú	83513
ép	83418
giác	83160
im	82934
kín	82920
ngực	82811
tôn	82757
trại	82635
khỉ	82563
lâm	82489
thỏa	82440
binh	82392
tách	82373
sáu	82098
giày	82023
tan	81746
hỏng	81514
kiếp	81344
dũng	81269
lao	81261
chốt	81130
hổ	80969
dàn	80929
kèm	80761
phù	80716
bia	80644
trách	80607
lắng	80603
nhi	80509
ninh	80279
trợ	80267
nghệ	80230
giấu	79930
ứng	79874
nướng	79861
ngắm	79794
áp	79758
vinh	79737
hiếm	79531
huy	79435
ôm	78723
nhãn	78465
ẩm	78226
vương	78074
cẩn	77989
đậm	77985
trụ	77765
chấm	77734
đòi	77530
biểu	77276
đột	77065
chấp	77056
mô	76808
tuấn	76533
bám	76517
đích	76439
tốc	76343
vận	76260
mét	76199
vỡ	75932
rồng	75885
mê	75835
luyện	75738
xuyên	75587
xinh	75459
bại	75367
úc	74983
nghị	74914
hồn	74523
diệt	74240
bến	74214
nha	73884
miễn	73512
bông	73505
bớt	73471
củ	73340
bát	72959
nhầm	72875
du	72862
cờ	72831
mười	72637
khắc	72573
ngã	72338
cúp	72302
say	71958
cận	71486
thù	71480
mọc	71449
tông	71272
gắng	71209
niên	71189
bảy	71161
cỡ	71147
xả	70770
đâm	70760
cà	70693
đảm	70650
chặng	70610
no	70567
tùng	70512
cường	70386
trục	70068
ho	69881
bụi	69879
thánh	69781
sợi	69681
đĩa	69634
tá	69523
khẩu	69385
thơ	69339
sốc	69311
môi	69260
đáp	69146
dọn	68952
họa	68904
mắn	68757
dày	68690
lựa	68561
mông	68484
vạn	68319
căng	68290
tủ	68262
trực	68240
trộn	68040
địch	68030
vực	67888
thuyết	67851
bơi	67823
giận	67757
đỗ	67566
tỏa	67484
đo	67441
nhịp	67308
nấm	67283
bẩn	67203
kiện	67174
can	67099
co	67095
gọn	66914
kịch	66864
thậm	66836
trống	66770
nông	66675
ty	66657
ngầm	66368
trùng	66285
phiền	66108
chanh	66107
ném	66061
đồn	66002
de	65950
kêu	65750
ròng	65691
tín	65654
nhắm	65627
rắc	65519
thiện	65509
đằng	65461
rắn	65278
dược	65209
nguyện	65051
tố	65031
xách	64958
ẩn	64817
leo	64778
hiến	64738
tiện	64714
lộc	64688
triều	64643
mệt	64593
hi	64515
vịnh	64230
tháp	64172
bận	64039
túy	63954
nhẫn	63953
lùi	63893
dán	63766
đền	63706
dung	63661
bi	63575
mụn	63541
quang	63457
khởi	63410
cản	63331
tứ	63326
tha	63316
ghé	63309
đựng	63303
buôn	63123
góp	63058
lầm	63034
trội	63011
hữu	62891
thang	62836
chua	62801
che	62639
lò	62620
mi	62608
tràn	62558
lệ	62545
xóm	62372
ngưỡng	62365
nguyễn	62296
tuyết	62213
ích	62058
cua	61865
giọng	61734
táo	61662
lông	61644
thảm	61277
truyện	61191
kĩ	61032
hàn	60907
mỏ	60853
pháo	60782
ràng	60745
lợn	60549
đắt	60394
tu	60274
loạn	60051
kí	59719
đống	59639
ngọn	59591
đồi	59533
võ	59512
thờ	59484
tám	59453
đua	59289
cỏ	59251
chìm	59242
dông	59124
mây	59096
dữ	58961
tí	58946
lãnh	58919
nạp	58883
hầu	58809
sút	58728
quảng	58722
chai	58671
chu	58657
trú	58621
quản	58555
dệt	58317
ác	58258
ê	57999
truy	57953
ví	57739
cốc	57689
bùng	57579
đáy	57570
cài	57526
soát	57516
gõ	57474
heo	57472
thổi	57155
trấn	56936
my	56605
trễ	56598
lôi	56485
nồi	56381
hiền	56329
thuần	56280
phẩm	56181
dọa	56126
thập	56010
chuối	55889
xưởng	55844
van	55788
sóc	55718
dõi	55686
duyệt	55654
giãn	55549
lọc	55388
sạc	55341
quét	55109
bày	54991
ngâm	54976
ngọc	54937
thợ	54925
chán	54847
phổi	54830
khói	54813
o	54769
tộc	54719
hứng	54663
luồng	54661
lũy	54466
phun	54415
xúc	54260
dạo	54003
mộ	53852
hài	53561
sót	53407
ngại	53310
giảng	53267
lây	53127
lặng	53094
dồn	53057
đầm	52977
chà	52958
mệnh	52946
trích	52825
béo	52677
suối	52555
đếm	52453
tồi	52373
mũ	52349
dĩ	52345
cắm	52266
sứ	52176
trôi	52141
đế	52136
dãy	52114
tồn	52078
bốc	52065
dốc	52035
giật	51887
gương	51860
tán	51811
đàm	51804
điền	51660
huynh	51323
hào	51194
làn	51100
nhì	51078
tắc	51030
mượn	50957
thề	50950
xung	50826
lục	50769
lấp	50708
hà	50518
chiêu	50172
ngoan	50102
tàn	50084
nở	50016
hoài	50010
phối	49821
dạ	49665
triển	49663
hưng	49623
son	49537
me	49491
mì	49342
giản	49169
vội	49104
nhắn	49029
trượt	48630
lê	48569
kỷ	48564
sam	48532
xứng	48389
đuôi	48312
tím	48247
luận	48236
yến	48202
hảo	48194
gối	48127
nghiện	48043
pau	48025
vướng	47989
xu	47931
tỏi	47786
giấc	47769
bơm	47730
hư	47689
út	47661
vĩ	47543
trâu	47416
phước	47405
gỡ	47037
ki	46918
dặm	46784
chè	46747
tạ	46697
chủng	46672
cấu	46579
non	46562
dục	46550
dâng	46454
hòn	46363
hoang	46319
tả	46311
mổ	46258
dời	46122
ạ	46114
điệu	46025
má	46008
cắn	45996
giám	45894
cất	45893
bọc	45791
cải	45770
voi	45717
ổ	45716
hấp	45600
đệ	45503
lát	45502
ớt	45441
chiên	45414
phận	45259
na	45114
cập	45105
móng	45099
ngụ	44973
kiêm	44955
kháng	44915
bỏng	44872
doanh	44758
úy	44622
chìa	44530
phe	44525
tô	44489
thăng	44446
nát	44413
ngạc	44360
dì	44104
xoay	44100
gạch	44046
cư	44044
đụng	44004
thiệt	43999
lẻ	43942
thác	43920
dị	43890
bè	43842
đẻ	43838
trạng	43797
phê	43722
sim	43714
lồng	43711
bỉ	43656
tam	43612
giặt	43478
đòn	43472
tẩy	43468
lắp	43460
khen	43191
lầu	43174
rào	43113
ten	43109
duyên	43090
bấm	43061
lỡ	42674
ốc	42537
tiệm	42531
thẩm	42409
dừa	42376
đan	42356
tống	42268
bó	42240
trọn	42084
va	41926
đạp	41912
niệm	41892
mờ	41746
giam	41632
chăn	41569
khép	41424
tỏ	41355
cước	41167
thô	41083
kê	41029
ngô	40914
on	40833
sụt	40702
sét	40491
kiều	40453
bể	40424
nhung	40399
cai	40307
hàm	40213
gãy	40205
dải	40109
tựa	40084
thiệu	40075
dở	40070
lau	39939
rập	39937
kệ	39897
chôn	39846
loa	39829
thạch	39805
mẹo	39800
chuyền	39779
bẫy	39686
cay	39679
phượng	39677
phu	39484
kỉ	39483
nhạt	39412
lọt	39370
mịn	39338
cúm	39179
vang	39173
cương	39119
thèm	39039
màng	38963
chốn	38953
hiếu	38757
trăng	38703
cáp	38654
mù	38651
cán	38621
đắp	38611
lưỡi	38591
khoang	38540
sạt	38487
gừng	38410
soi	38384
gánh	38350
nhơn	38281
chén	38261
mít	38245
túc	38241
san	38230
cồn	38164
ngõ	38135
nhặt	38024
huyết	37949
nhâm	37845
luộc	37783
gam	37773
tháo	37700
lăng	37686
nghiên	37632
sẻ	37582
đèo	37508
tước	37490
bưởi	37466
tổn	37433
sen	37400
vịt	37355
dàng	37353
bù	37343
ao	37177
ám	37140
ngón	37005
tóm	36837
ấp	36799
ben	36789
gấu	36732
kề	36721
hẹp	36662
tre	36592
giòn	36566
ngưng	36499
điệp	36472
diệu	36431
chui	36343
kẹt	36321
ả	36319
khánh	36270
đốc	36165
mộc	36129
sạn	36124
quãng	36122
tọa	36109
vạch	36088
chuông	36057
lở	36056
dẫu	36052
men	36037
phái	35861
khơi	35777
phán	35715
trầm	35610
su	35586
trùm	35554
thọ	35413
ngục	35397
xông	35326
nén	35313
quế	35305
cong	35198
quầy	35180
gác	35138
lĩnh	35130
khuôn	35049
thám	35039
sườn	35039
lạy	34970
liệt	34831
thấm	34736
tia	34721
cạn	34664
cóc	34661
kẹo	34551
sỹ	34532
tuyên	34455
thìa	34450
rạp	34325
chém	34280
sâm	33972
bổ	33862
đệm	33759
lang	33721
thịnh	33585
ruộng	33573
giáng	33523
đinh	33446
bội	33445
khát	33390
phanh	33372
giang	33336
trọ	33258
chê	33257
se	33204
phật	33178
ừm	33168
mạn	33142
thâm	33106
trinh	33101
bơ	33097
xăm	33085
chối	33046
bỗng	33044
quỵ	32953
nhí	32937
mâm	32903
bún	32888
lót	32869
ghê	32859
kiên	32833
lui	32825
nâu	32815
chậu	32779
trúc	32722
cắp	32691
cuộn	32629
nho	32600
tú	32586
tạp	32561
phím	32546
cởi	32529
vững	32505
khúc	32496
hân	32407
chớ	32386
uy	32384
bạo	32363
cãi	32298
lăn	32198
vứt	32141
ướt	32126
sung	32112
khiển	32077
xào	32069
thí	32042
thoáng	31936
đoạt	31919
khe	31858
xê	31841
lường	31600
ngũ	31596
lốc	31592
hung	31504
khẩn	31406
bồ	31397
ong	31392
bào	31315
thềm	31312
dụ	31223
gợi	31194
xám	31177
đe	31149
hãi	31145
cúng	30970
rỉ	30968
cống	30923
hít	30882
vớ	30861
hô	30803
vú	30788
cỗ	30760
múa	30753
óc	30749
thoải	30744
lật	30727
thửa	30705
khoác	30701
hò	30663
dâu	30661
lọ	30595
ồn	30585
tịch	30581
hố	30579
mồm	30536
tom	30510
siết	30469
sương	30452
hét	30437
lõi	30358
móc	30256
lặn	30233
vở	30213
trưng	30186
sẹo	30172
đê	30039
don	30007
mãn	29938
đành	29881
mộng	29877
lắc	29778
nhánh	29776
mặn	29759
sưng	29657
xi	29616
rao	29596
họng	29563
thủng	29539
rung	29530
phở	29513
bả	29445
nụ	29411
buông	29379
thoái	29336
kép	29249
suýt	29194
li	29179
hoại	29147
câm	29133
phấn	29112
mồi	29091
đấm	29089
ven	29034
khiếp	28930
rẽ	28903
dập	28660
lãng	28624
dựa	28590
đáo	28560
lùng	28509
chăng	28507
cấy	28502
dẹp	28452
cháo	28433
lỏng	28418
nắp	28403
lộn	28370
lấn	28350
bền	28254
đuối	28238
bồn	28234
kiệt	28232
thắt	28210
vợt	28111
hái	28109
mùng	28033
go	28013
loan	27986
keo	27948
xôi	27888
rủ	27845
vuông	27822
quyển	27721
chảo	27660
re	27504
bê	27486
xay	27465
xô	27464
thoa	27455
bút	27447
rồ	27447
lứa	27392
đương	27368
dong	27364
mía	27326
sướng	27323
lam	27315
mẽ	27217
vây	27213
sun	27194
gởi	27191
ốm	27187
cành	27160
ức	27153
um	27150
nuốt	27147
lệch	26995
dứt	26962
phơi	26872
room	26801
lướt	26770
hoãn	26725
quạt	26717
nốt	26704
vắng	26689
bùn	26686
xơ	26628
hối	26616
nhốt	26596
gục	26546
gộp	26536
khôn	26516
khổng	26502
xích	26422
gội	26339
nôn	26309
ưa	26248
huyền	26240
khuất	26239
hé	26228
nô	26210
ngừa	26198
lốp	26170
khứ	26145
muỗi	26093
lậu	26049
bá	26030
bo	25981
bệ	25973
cu	25937
vớt	25909
trì	25869
lạp	25830
tý	25785
mạc	25754
chùm	25723
giếng	25635
chuồng	25610
tem	25584
cò	25573
lặp	25502
cự	25500
tưới	25472
mưu	25468
thiệp	25448
dai	25407
mác	25368
sập	25335
xoài	25308
neo	25302
rớt	25269
xâm	25264
hỗ	25201
ướp	25188
ván	25155
giai	25137
khoai	25061
nhát	25002
chọc	24994
cọc	24994
dắt	24967
rạch	24885
bồi	24859
tui	24820
be	24779
giàn	24776
huấn	24712
bề	24692
rò	24662
thiêu	24647
tang	24625
min	24578
vặt	24560
xá	24552
bắp	24551
ôn	24532
len	24503
chóng	24479
xoắn	24383
bóp	24363
mụ	24350
vẩn	24281
tri	24250
ngơi	24242
thỏ	24196
măng	24170
ray	24142
nguyệt	24126
nhôm	24117
gạt	24116
mỏi	24101
kèo	24096
dâm	24022
mòn	24018
lược	24005
mến	23999
tràng	23926
hoảng	23914
sói	23901
ve	23883
sắm	23862
ram	23839
nuối	23835
rét	23768
rưỡi	23755
hở	23744
ngữ	23741
phổ	23693
dê	23676
xạ	23634
choáng	23589
đun	23587
cút	23583
bôi	23569
hông	23486
mão	23480
giỏ	23436
nọ	23420
ưu	23390
tần	23331
cốt	23303
thách	23281
nương	23262
thúy	23255
gián	23247
gầm	23243
thối	23224
nón	23211
khéo	23159
phức	23131
gi	22979
dinh	22936
nghiêng	22901
bế	22896
dại	22876
dò	22855
bóc	22830
sưởi	22823
rán	22795
am	22780
dịu	22726
sấy	22684
tụ	22641
nhục	22637
ngôn	22608
dẻo	22588
ủng	22573
ti	22490
hôi	22468
cúc	22462
ngọ	22342
tàng	22311
rễ	22285
ung	22215
dưa	22196
mạo	22191
hận	22188
thao	22141
ngứa	22036
âu	22017
gai	21934
khang	21825
bàng	21824
hẻm	21788
nhấp	21716
bầy	21651
tráng	21645
đứt	21628
phẫu	21625
chánh	21622
nhậu	21590
đéo	21586
bin	21574
ngụy	21556
lụt	21538
dường	21533
xé	21532
nãy	21521
thầm	21516
điếm	21482
vòi	21472
tuân	21443
đúc	21441
côn	21403
chấn	21394
uốn	21326
ham	21317
thắp	21271
cược	21264
mò	21246
hiển	21214
giọt	21184
quí	21172
run	21165
cuồng	21163
đạm	21113
nghiền	21075
trân	21059
đính	21048
sánh	21004
mép	20993
râu	20983
trói	20972
gom	20967
ghen	20960
eo	20959
lượn	20916
chéo	20899
soạn	20851
còi	20820
phỏng	20819
ron	20771
tát	20765
tiễn	20755
mập	20737
nhã	20726
rùa	20721
sôi	20694
muội	20685
nhu	20673
đùi	20649
kẹp	20637
rụng	20614
xoáy	20594
xịt	20580
muôn	20567
nhai	20515
đục	20479
gốm	20415
chải	20401
rèn	20344
xế	20329
vờ	20314
vượng	20295
gậy	20280
thon	20272
đắng	20271
xài	20267
nhường	20251
nhuộm	20197
gầy	20140
rổ	20125
ngắt	20108
rách	20099
manh	20093
bạch	20069
trơn	20035
bìa	20010
nới	20002
bú	19956
lụa	19943
triệt	19904
hoạn	19868
han	19837
thìn	19819
thạnh	19814
xen	19777
bách	19751
dặn	19726
tà	19707
chèo	19680
nhị	19646
cọ	19641
viền	19611
vành	19585
gu	19582
ngửi	19489
buồng	19489
đai	19466
nứt	19409
oan	19345
quỳ	19307
rang	19262
cừu	19262
giấm	19246
mắm	19245
ái	19234
mường	19233
tật	19233
đàng	19222
nể	19208
bẻ	19178
nhờn	19175
tản	19118
trào	19115
lồ	19115
oanh	19111
khuẩn	19091
bã	19074
nguội	19027
nóc	19018
sỏi	18916
hèn	18904
day	18896
trương	18858
thiểu	18840
thỉnh	18808
nà	18806
tầu	18782
kíp	18775
lười	18704
nến	18600
vách	18579
khiêu	18575
khử	18561
nguyền	18555
by	18537
xì	18514
diệp	18513
mạ	18481
đọng	18479
lều	18465
giơ	18455
vy	18426
hoan	18422
đớn	18419
lẩu	18406
nang	18391
thun	18388
chinh	18359
xuôi	18343
vắt	18326
bích	18325
xốp	18309
hụt	18299
cúi	18225
thùy	18224
khùng	18209
tro	18205
quyến	18202
nhuyễn	18151
loãng	18116
thà	18112
mốt	18108
loét	18040
trán	17961
vũng	17873
ập	17866
chép	17854
hán	17848
ri	17820
mớ	17818
vãi	17776
mồ	17746
trữ	17737
lén	17710
quyên	17689
nếp	17682
viễn	17654
rót	17610
mỳ	17560
cưỡi	17489
cớm	17462
dứa	17457
kẽm	17432
dã	17425
nhọn	17409
lân	17399
thoảng	17339
nếm	17338
giặc	17337
cứt	17337
rũ	17313
ngậm	17163
sờ	17162
thước	17145
rong	17132
chợt	17095
vĩnh	17035
đúp	17026
hỗn	17023
toa	17018
phẳng	17012
chửi	17009
chì	16933
cạo	16916
he	16897
vấp	16885
ủ	16875
cào	16875
nồng	16860
tặc	16856
quấn	16832
mầm	16820
cày	16815
thuột	16799
khuya	16792
xẻ	16774
sừng	16768
ươm	16765
rẫy	16761
đũa	16754
trâm	16697
kỵ	16690
rỗng	16682
tịnh	16652
tụt	16649
đam	16617
thụy	16614
trá	16591
xà	16584
trừng	16563
chảnh	16553
ân	16501
dang	16499
nhét	16474
điển	16461
nhá	16456
rảnh	16448
tuất	16448
nhúng	16407
huệ	16352
nêm	16328
êm	16323
thiếp	16322
gieo	16318
khê	16290
chàm	16245
toát	16222
nghịch	16137
chích	16128
lạng	16091
đần	16061
thụ	16043
tủy	16033
dậu	16018
bự	15988
dội	15953
lột	15949
xoăn	15923
quất	15914
sảnh	15898
chay	15892
moi	15849
dép	15829
chớp	15750
muỗng	15709
súc	15709
đặng	15708
hạm	15688
nhảm	15686
bối	15684
xy	15651
đít	15616
úng	15596
bọ	15545
xoa	15518
tơ	15513
thiêng	15510
nhấc	15509
xước	15468
rốc	15462
thói	15415
ếch	15394
bực	15389
cằm	15383
mắng	15371
tỵ	15365
nem	15336
tạng	15333
châm	15328
viếng	15271
biện	15233
ngấm	15219
tạt	15206
khuê	15204
giỡn	15196
vác	15188
kiêu	15162
thiều	15151
đốm	15149
dấy	15127
nhịn	15125
báu	15125
cẩu	15117
khoáng	15116
quặng	15108
ngư	15103
tốp	15096
ngất	15093
súp	15050
sắn	15043
kè	15039
đè	15039
kiêng	15027
huống	15027
khay	15011
séc	15000
cửu	14989
quấy	14969
nhái	14967
độn	14937
chan	14902
nạ	14872
nghẽn	14864
xíu	14862
hiên	14858
nám	14854
mĩ	14837
mượt	14821
ngộ	14809
lanh	14786
vả	14752
luân	14736
tê	14715
thiền	14703
xỉn	14667
diều	14666
búa	14649
sành	14649
lội	14645
hiếp	14641
bọt	14598
nhện	14564
rốt	14556
cưỡng	14540
phô	14532
tởm	14528
đấng	14521
vuốt	14490
tỉa	14477
rải	14447
cậy	14439
vầy	14381
đôn	14342
sửu	14316
phao	14293
dỡ	14291
liễu	14282
rước	14260
lách	14234
né	14232
tảng	14163
xịn	14155
mẻ	14138
trêu	14101
khanh	14094
sào	14091
khuấy	14045
mận	14027
khích	14007
bứt	13980
văng	13957
trút	13956
dùm	13952
le	13927
té	13917
dan	13901
băm	13856
khải	13835
hợi	13819
bạt	13802
que	13798
buýt	13793
bùa	13780
khoảnh	13771
nhạy	13744
khương	13743
hệt	13738
tăm	13721
miếu	13682
bướm	13680
vong	13677
hắc	13667
hâm	13618
khôi	13592
chật	13590
cớ	13581
nhồi	13546
cụt	13532
chen	13499
trắc	13483
bái	13482
bịt	13478
vụn	13422
đố	13413
ổi	13395
nhổ	13365
cõi	13363
khuyến	13362
gập	13315
tua	13312
nhuận	13276
cẩm	13267
tào	13187
thiêm	13166
níu	13165
king	13162
rát	13130
mươi	13129
ất	13122
sụp	13118
vá	13117
thốt	13098
mẩu	13093
bong	13087
khán	13084
ngoái	13005
điếu	12988
thêu	12985
khoái	12982
ranh	12919
bùi	12917
cấn	12910
ốp	12896
sọ	12896
tụy	12881
đực	12876
két	12839
rạn	12831
ngó	12831
còng	12805
lươn	12789
gân	12767
banh	12757
trật	12747
ni	12719
sọc	12697
thuở	12674
ren	12646
roi	12626
vỗ	12624
hưu	12597
hãm	12594
cặn	12591
mại	12586
giùm	12578
ngớ	12534
phụng	12527
đãi	12506
điềm	12489
qui	12480
kìm	12452
chuộc	12440
ngẩn	12414
bung	12398
si	12395
kèn	12392
tẩm	12377
lon	12353
rãnh	12340
rực	12338
sụn	12325
xí	12310
phôi	12272
nhích	12268
biếu	12265
thắc	12262
lún	12258
thung	12248
trèo	12223
toi	12208
vu	12194
mương	12185
hạch	12171
chững	12163
ủi	12143
đọ	12079
kiềm	12076
lùn	12037
chèn	12014
sò	11985
ngói	11984
cưa	11978
nhả	11974
nấy	11972
gàu	11968
chíp	11938
rơm	11931
gọt	11929
kiệm	11906
gáy	11885
lơ	11860
sả	11852
vọt	11840
mủ	11830
khiếu	11826
lũng	11809
bịch	11808
vung	11802
dạt	11793
mách	11769
kẻo	11767
tày	11764
tít	11757
đắm	11750
cau	11648
đãng	11613
ơ	11610
giã	11602
tỳ	11588
láng	11588
dỗ	11571
vòm	11499
gươm	11499
rằm	11489
khống	11469
sanh	11445
ráng	11444
ngự	11443
nung	11441
đao	11427
mìn	11409
ráo	11389
đắn	11370
chẻ	11353
tảo	11277
quyện	11272
nôi	11258
ngợp	11234
khảo	11227
cún	11196
phai	11195
ưng	11171
giun	11145
ruồi	11135
khoán	11079
uyên	11071
sởi	11062
mài	11055
ngào	11034
giò	11014
áng	11004
tuột	10981
ứ	10966
bì	10958
đậy	10955
phà	10949
bổng	10914
tò	10910
ro	10894
hao	10877
thính	10869
giời	10855
sáp	10849
rộn	10831
đốn	10826
tị	10826
sô	10820
phác	10806
lưỡng	10783
rốn	10782
nã	10764
củi	10758
bón	10755
ngầu	10734
nhàng	10732
lùm	10720
cáu	10700
bục	10690
thắm	10666
ngây	10663
khỏa	10655
rủi	10618
sáo	10616
phiến	10605
quăng	10602
trăn	10592
mướt	10579
cuống	10572
nhượng	10562
mầu	10511
đẳng	10507
thỏi	10497
hòng	10496
vẹn	10463
gò	10451
xót	10424
đắc	10403
rộ	10387
gài	10376
nhĩ	10356
dơi	10355
tiềm	10346
lờ	10339
phế	10320
gắt	10319
khấu	10310
nỗ	10257
thấu	10252
phông	10185
ghe	10173
chiêng	10173
rể	10157
nhỉnh	10155
khuyết	10141
vơi	10123
huyệt	10114
khiêm	10103
chênh	10083
chót	10066
nhiễu	10066
hươu	10055
tuyền	10055
chày	10040
đạc	10035
rủa	10033
xiếc	10009
ối	10000
ngả	9965
bồng	9961
vùi	9947
dầm	9947
vặn	9936
thục	9926
thỉu	9920
đoan	9918
chói	9917
giầy	9874
chĩa	9854
quậy	9852
hước	9841
xùm	9827
gót	9810
lu	9783
chun	9761
tuýp	9760
lựu	9758
chuộng	9757
nai	9756
vất	9729
vôi	9727
gay	9719
sấu	9706
hoi	9706
pu	9702
chiết	9678
chóc	9678
mọng	9662
rụi	9660
nơ	9644
bầm	9632
buồm	9612
ngao	9604
tép	9587
cọp	9583
xuồng	9565
mứt	9565
thóc	9560
chư	9547
khinh	9532
cuốc	9525
tấp	9454
trầy	9452
vạt	9422
cang	9421
tuệ	9398
lố	9378
ngỡ	9375
bèn	9366
trỏ	9339
miến	9334
huân	9322
hễ	9319
bừng	9311
dế	9297
ru	9285
búp	9282
hoành	9282
miêu	9249
vẹt	9240
điếc	9232
lợp	9227
lề	9206
bỉm	9174
đò	9149
nhủ	9124
vóc	9099
hoán	9093
rèm	9089
đu	9065
lăm	9061
moon	9047
xui	9040
đếch	9039
choi	9016
chuồn	8989
phồng	8988
hũ	8977
găm	8968
ngán	8964
vệt	8954
giông	8951
giỗ	8949
niệu	8944
hãn	8937
múc	8924
nảy	8921
xưng	8872
khan	8864
rầy	8852
vựa	8848
kén	8824
nhàn	8823
đệch	8819
hất	8805
sùng	8800
mậu	8794
xòe	8792
gỏi	8754
hòm	8751
chọi	8746
phết	8728
vần	8719
phàm	8717
tể	8708
then	8707
bon	8704
cù	8692
yểm	8684
bính	8678
teo	8663
nháy	8605
quai	8598
dơ	8585
nhỡ	8579
hàu	8570
tã	8564
vồ	8527
sỉ	8510
phiêu	8506
cốm	8494
sài	8490
hen	8469
chài	8451
toan	8448
úp	8444
diễm	8440
chằm	8435
choàng	8426
nan	8417
hỡi	8410
mút	8409
cõng	8386
múi	8380
gong	8367
ráp	8366
láo	8344
bổn	8330
ồ	8320
tệp	8283
mao	8268
gắp	8256
xẩy	8256
chát	8253
ùn	8243
ừ	8216
gôn	8205
xướng	8202
mia	8200
căm	8196
cốp	8192
mễ	8177
chòi	8166
khao	8154
nầy	8132
hong	8129
ken	8120
vảy	8103
chổ	8082
lim	8076
găng	8071
gào	8053
trầu	8048
đong	8048
xít	8046
đái	8045
ào	8045
bậy	8017
đóa	8016
lả	8010
chưởng	8008
thét	8007
lã	8001
khiên	7966
ngẫu	7948
gỉ	7939
bừa	7931
mị	7905
chang	7900
kiểng	7895
rưởi	7892
gớm	7887
suông	7886
rô	7880
liêu	7876
chổi	7869
lung	7853
von	7843
gồng	7829
lửng	7826
trạch	7816
giở	7798
tẩu	7783
thê	7780
ói	7762
lận	7761
nặn	7753
hanh	7746
triết	7739
nách	7720
hích	7703
xộn	7693
nấp	7691
ngạt	7658
nhăn	7655
sạp	7654
đả	7648
mánh	7628
soái	7620
đổng	7604
xoang	7602
gạc	7590
khẳng	7582
sòng	7545
sảy	7544
nhào	7531
võng	7506
sưu	7492
chập	7491
khoanh	7486
tậu	7484
dìm	7467
vẫy	7465
rìa	7463
ke	7460
lẻn	7454
vừng	7442
lỏi	7440
chuy	7435
chần	7432
mọt	7426
nhở	7418
hổng	7405
tè	7395
bít	7394
đểu	7392
nản	7391
rỗi	7383
rương	7362
lánh	7345
hằn	7333
sứa	7328
kị	7324
phình	7321
om	7315
nhan	7295
vã	7291
giăng	7278
khái	7275
ế	7265
chừa	7254
nòng	7252
táng	7249
liêm	7248
chồn	7246
iu	7214
nệm	7210
chẩn	7205
thừng	7196
phan	7182
ngạo	7166
nỉ	7164
tiệp	7160
bưng	7156
ngà	7155
dăm	7146
lượm	7140
diêm	7132
pa	7105
ốt	7071
nấc	7070
túm	7061
tơi	7053
trơ	7046
náo	7037
nhức	7025
him	7025
nạc	7022
diên	7019
thoi	7015
sê	7006
rêu	6986
khiết	6982
cối	6979
côi	6975
buốt	6975
khẽ	6972
xỏ	6968
rành	6959
dĩa	6954
hót	6941
ải	6924
liu	6913
hùm	6912
lõm	6892
suỵt	6882
nhang	6870
tề	6869
dát	6853
đệt	6842
xiên	6837
túng	6808
nhược	6805
rã	6805
búi	6803
ngai	6797
gán	6789
chướng	6782
lọn	6781
át	6768
trịnh	6755
khóe	6745
nghẹn	6736
hường	6731
niềng	6721
khít	6720
bịa	6719
mãnh	6717
xù	6715
cạp	6694
khờ	6678
nu	6662
đùng	6661
mồng	6656
vét	6645
trệt	6642
lồi	6638
yếm	6628
thới	6628
quây	6627
mí	6624
đờm	6622
trĩ	6621
hù	6614
vằn	6605
lẹ	6605
dốt	6599
hãnh	6599
tì	6591
nhọc	6580
ngần	6576
khong	6558
điêu	6558
nàn	6546
héo	6545
mẫn	6521
phất	6509
đơ	6509
hun	6503
xắn	6493
vữa	6491
trượng	6481
ngửa	6452
òa	6450
lẫy	6439
nhẽ	6439
ang	6430
chiêm	6430
tanh	6424
mui	6415
trướng	6392
mo	6386
quặc	6364
giục	6360
phàn	6352
quạ	6349
mải	6349
nhầy	6344
vía	6343
vo	6340
ắt	6334
đĩ	6328
rìu	6320
ngan	6316
quát	6314
pan	6309
hon	6303
máng	6291
mợ	6286
xéo	6285
noi	6282
chắp	6265
khóm	6264
mẩn	6263
xắt	6251
bàu	6243
bèo	6237
trũng	6224
càn	6221
pho	6220
hẫng	6214
đẫm	6205
tróc	6194
ngạch	6184
sủa	6178
góa	6167
bới	6162
ố	6161
cồng	6152
lạm	6148
ngợi	6139
hăng	6126
ương	6120
bênh	6113
duỗi	6105
kha	6104
cọng	6094
rạng	6076
bén	6049
tấu	6047
nề	6045
phả	6038
chao	6028
vỉ	6028
lữ	6027
xát	6022
bảnh	6016
sạm	6013
boong	6008
nít	5985
tuồng	5981
nhớt	5958
en	5952
núm	5944
phì	5932
miên	5920
hử	5908
nậm	5904
vò	5903
uông	5902
tràm	5901
đới	5886
lãm	5884
dẫm	5882
há	5877
bu	5870
lốt	5869
hóc	5868
chùi	5865
bét	5863
lẩn	5861
thuyên	5815
xua	5809
bói	5805
dau	5801
thảy	5797
ngột	5796
rình	5773
ầm	5765
bưu	5759
bẩm	5759
liếm	5757
bô	5747
phượt	5741
phen	5728
nhạo	5723
sẫm	5722
te	5711
húc	5700
thây	5689
mướp	5686
sầu	5680
reo	5678
thự	5677
khiêng	5656
đày	5643
vẩy	5643
líu	5640
sấm	5637
lạch	5633
thong	5633
hốc	5627
rên	5610
nhòa	5609
nghiệt	5606
vỹ	5581
ngòi	5571
ghim	5565
nộ	5561
ẵm	5557
tắp	5551
dó	5551
quẻ	5540
lằn	5529
lùa	5520
ây	5518
thẳm	5510
lay	5472
thớt	5471
vãn	5471
tưng	5461
rỡ	5458
núp	5443
quầng	5436
ky	5425
kiệu	5425
xỉu	5401
nao	5376
trát	5371
mun	5369
chầu	5364
tẻ	5363
ngách	5360
hốt	5353
dí	5347
gút	5344
chưng	5338
chôm	5336
chắt	5323
ngỗng	5320
nghé	5320
dầy	5315
rươi	5315
lì	5312
gật	5306
xẻo	5305
lầy	5304
mâu	5294
nạo	5293
gũi	5288
ngưu	5275
quật	5260
ngẫm	5259
dưng	5248
un	5239
bần	5228
nhử	5223
gon	5220
khuỷu	5215
lụi	5211
xỉ	5206
đút	5195
doi	5193
thuẫn	5190
ngẩng	5176
ấu	5174
ria	5173
hú	5159
nắn	5139
xới	5136
sán	5126
giàng	5125
dằn	5111
luồn	5106
bing	5105
guy	5105
đẽ	5102
nhũ	5102
pô	5100
voan	5099
gãi	5091
tron	5091
dấm	5078
khế	5077
thày	5074
xiêm	5074
mền	5069
den	5069
nùng	5067
khoét	5058
hạc	5056
nín	5046
vụt	5032
trót	5023
vít	5022
bời	5015
quách	5010
rặng	5005
huyên	5000
thắn	4998
bốt	4991
nhún	4986
tho	4985
ngước	4984
khía	4983
hột	4976
gang	4975
rúp	4970
vàm	4947
nhừ	4940
nướu	4931
chuân	4929
nại	4928
chốc	4927
yết	4922
cừ	4918
gìn	4913
bấy	4909
liêng	4908
quẩy	4903
lư	4891
kẽ	4883
phang	4881
cùi	4871
hến	4868
típ	4862
chước	4862
them	4851
bai	4851
cáy	4844
roe	4843
trổ	4828
hoằng	4828
nhúc	4825
nong	4824
nhô	4815
sing	4810
suôn	4800
nạt	4787
xảo	4786
ngốn	4782
phiện	4778
nghênh	4771
nhen	4769
óng	4761
thạo	4745
lộng	4744
trặc	4742
xơi	4721
chùng	4717
rít	4713
thy	4706
vụng	4694
hộc	4687
chườm	4685
mướn	4684
dột	4682
bùm	4680
quẹt	4678
nghẹt	4651
rôn	4646
chấu	4641
rói	4629
rậm	4628
nịnh	4622
com	4611
gẫy	4610
nhím	4609
gióng	4594
đuốc	4586
nộm	4584
hời	4579
ngụm	4572
khảm	4569
dãn	4568
méo	4550
phốt	4548
trọc	4546
thúng	4539
tuôn	4535
sến	4525
hom	4519
ngót	4495
ẩu	4472
gả	4470
luyến	4467
miện	4463
lán	4448
háng	4446
báng	4432
rợ	4431
bạ	4430
bịp	4428
ó	4419
vát	4417
xo	4411
mấu	4396
hủ	4396
rơ	4395
phách	4393
rà	4373
gặt	4364
rom	4355
niêm	4355
hoắc	4353
gặm	4347
tạc	4341
quẳng	4337
oán	4333
bộn	4325
háo	4317
hinh	4302
ngượng	4302
vế	4296
tấy	4290
rãi	4288
ruốc	4286
điểu	4285
thẹn	4281
lìa	4279
ghẹ	4279
hăm	4275
dượng	4267
ngáy	4259
gòn	4250
quẩn	4240
địt	4232
sệt	4221
cằn	4216
lụy	4209
xuẩn	4205
tong	4197
chệch	4195
vơ	4192
rim	4192
mạt	4183
cóng	4171
tuốt	4153
nuột	4145
chóp	4139
rợn	4136
khấn	4136
rinh	4132
chằng	4125
nhàm	4125
dúi	4119
cói	4113
ngơ	4104
trấu	4087
diễu	4081
nom	4074
guồng	4069
luống	4056
năn	4050
thím	4048
nghêu	4048
trụi	4034
nhiếp	4031
rệp	4023
phèn	4020
đượm	4018
tụng	4015
truồng	4014
sặc	4013
thui	4007
po	4004
goi	4000
gien	3997
ù	3995
chửa	3994
sục	3993
nham	3989
trĩu	3987
lút	3985
mè	3979
mon	3977
chong	3974
nhẵn	3971
ngãi	3955
xoan	3947
bở	3947
giẫm	3937
tía	3936
xấp	3932
lin	3928
lết	3921
xẻng	3895
vẹo	3895
ngát	3886
chồi	3883
trám	3881
chực	3877
cỡi	3871
nhậm	3870
lòi	3869
cáng	3869
quàng	3868
phò	3863
dìu	3863
củng	3849
rú	3845
vượn	3844
ngậy	3837
khét	3835
lóc	3831
lìn	3830
chuốc	3826
diêu	3826
ngóng	3819
nhám	3816
nhót	3813
mành	3812
xuyến	3805
phủi	3802
vin	3795
au	3791
réo	3789
sầm	3785
ùa	3784
ngố	3780
tuế	3780
nực	3764
oai	3760
khui	3755
bim	3753
gấc	3752
nứa	3729
ngặt	3726
gùi	3710
oa	3709
ách	3708
khau	3707
tấc	3688
hụi	3687
nhổn	3685
riềng	3682
khăng	3678
bành	3664
khâm	3654
mỉa	3646
quẹo	3644
biếc	3642
trụy	3632
dom	3628
nẵng	3627
phớt	3626
hỉ	3625
nhút	3601
tòng	3600
sồi	3590
giẻ	3589
nhơ	3586
xổ	3583
tròng	3583
ngấy	3582
nhằn	3581
nhão	3578
khoát	3577
chòm	3570
dậm	3569
dẹt	3553
cóp	3551
thản	3547
nghếch	3540
bết	3539
hớt	3538
thau	3535
nhãi	3533
tánh	3532
xáo	3528
nỡ	3522
dẻ	3521
phom	3519
pi	3519
lạt	3515
ắc	3514
ngáo	3513
phỉ	3510
xệ	3506
cựa	3504
vút	3503
hói	3496
nẹp	3492
hắt	3491
ú	3488
rông	3483
lảng	3482
boom	3474
loang	3467
tủi	3466
tựu	3464
nhe	3461
ui	3458
ló	3448
đỗi	3443
hờ	3443
bọng	3442
vỉa	3431
léo	3431
huỳnh	3426
đản	3415
mói	3412
mỏm	3401
ủa	3399
bẩy	3398
gao	3398
nép	3384
viêng	3383
đụ	3381
héc	3376
quỉ	3371
vao	3368
pang	3367
tằm	3363
dua	3361
sin	3355
đờn	3352
sảng	3351
cuội	3349
xiết	3348
sùi	3344
thiếc	3342
cứa	3338
túp	3338
thò	3332
phăng	3332
hơ	3325
băn	3323
dãi	3321
nhũng	3307
sưa	3305
xâu	3296
chẽ	3296
chít	3293
tóp	3289
sần	3287
lóa	3285
khéng	3282
thâu	3279
ghềnh	3271
nhộng	3263
rượt	3263
dền	3261
xõa	3261
xém	3252
chộp	3251
nọc	3251
rưới	3247
khèn	3247
lóe	3238
húng	3236
liếc	3229
lác	3226
sứt	3223
sậm	3219
trẫm	3215
táp	3215
phùng	3214
nện	3212
rữa	3206
rê	3206
lịm	3201
xao	3201
mệ	3199
rọi	3199
chiểu	3196
ngời	3190
hí	3187
xoong	3180
nhuệ	3176
ngo	3166
nguôi	3159
ăng	3157
tren	3155
què	3154
trum	3152
chum	3145
dồi	3145
đọa	3141
khoăn	3138
gin	3137
ngoạn	3134
váng	3133
quáng	3132
khuân	3131
ghiền	3125
cũi	3124
chẵn	3123
vênh	3096
chây	3093
mõm	3092
thót	3090
dể	3089
kham	3084
hẹ	3081
mảy	3075
chuốt	3066
mẩy	3066
vón	3060
kỉnh	3049
bộc	3041
mỉm	3040
nanh	3037
chùn	3028
luông	3024
lem	3023
giương	3021
thoắt	3015
kền	3014
đỉa	3011
pao	3009
tẹo	3004
thọc	2998
đẽo	2995
lình	2989
hờn	2987
nhòe	2986
ìa	2979
vê	2976
duệ	2972
ganh	2965
hóng	2962
rộp	2960
triền	2956
diếm	2954
nhuốm	2948
xóc	2944
chử	2943
ì	2938
hỷ	2936
hên	2925
rùi	2921
giũa	2917
phích	2912
dùi	2910
bướu	2905
éo	2902
tuồn	2898
thuy	2893
khốc	2890
nghiến	2883
nịt	2883
tráo	2881
trồi	2881
soán	2881
gấm	2880
nôm	2878
tru	2864
ké	2863
chớm	2863
tèo	2860
rôi	2856
cảu	2849
tâu	2849
ngò	2846
tút	2843
truất	2842
én	2838
nẻo	2835
lòa	2834
xạo	2831
lẽo	2828
hạp	2826
biếng	2822
í	2820
hoóc	2820
nhói	2818
sạ	2815
gờ	2815
thúi	2812
gù	2810
uổng	2810
khua	2804
trảm	2804
sên	2804
chau	2802
ngoáy	2798
kiếng	2797
hức	2796
lép	2794
ngỏ	2791
đay	2789
nim	2788
hu	2787
chon	2778
mào	2772
sá	2771
náu	2762
hừm	2756
vại	2752
nghinh	2751
tâng	2750
mom	2749
kềm	2746
gioi	2745
gượng	2740
bờm	2737
cở	2733
miu	2730
pe	2727
lú	2724
lẵng	2717
ná	2713
vái	2709
hòe	2709
sẳn	2708
giầu	2708
ton	2705
kình	2704
hoon	2701
thiến	2700
vuột	2687
lõa	2680
nhọ	2679
thệ	2679
xó	2670
rọ	2667
khăm	2666
ghẻ	2665
bụt	2663
vầng	2662
vạc	2658
râm	2656
chạp	2648
nhạn	2647
trợn	2646
trác	2646
vén	2642
nhác	2639
cật	2632
khố	2631
mỗ	2620
hạo	2619
xúi	2619
uyển	2617
boa	2616
tếu	2615
toản	2610
đù	2609
lỵ	2603
vựng	2601
mân	2601
rum	2599
đên	2598
sếu	2595
bệt	2588
lài	2584
đùn	2582
trớ	2580
rặn	2562
boe	2560
dam	2556
oi	2552
phầm	2549
trỗi	2546
dấn	2530
kiềng	2526
lừng	2524
pam	2521
rượi	2519
nhấm	2516
sủi	2509
rớ	2506
mả	2505
đơm	2500
sững	2497
cụng	2490
xốt	2483
sõi	2481
rùng	2480
toại	2475
tum	2470
lóng	2468
ngoãn	2465
miết	2460
đuống	2458
phin	2454
hê	2443
vè	2436
pham	2435
mỵ	2429
rây	2427
cỏi	2426
lia	2425
đọt	2424
giêng	2423
dòm	2417
ngủi	2412
sủ	2409
nốc	2408
trền	2408
chòng	2406
bân	2403
khàn	2403
pen	2401
úa	2393
bống	2391
sình	2389
poe	2388
bẹ	2388
dỏm	2387
đoài	2387
mé	2386
nhàu	2378
bửu	2370
bướng	2370
ngải	2365
bẹp	2364
chiềng	2359
thiu	2358
lèn	2356
tẩn	2355
gọng	2352
cầy	2352
tiều	2351
lỳ	2346
ding	2344
ngoai	2341
ưi	2341
ừa	2340
nần	2338
oằn	2335
nết	2334
mặp	2333
nhại	2332
xèo	2330
tửu	2330
nặc	2321
thóp	2314
đùm	2313
nháp	2312
bện	2310
bíp	2309
phập	2300
đoòng	2295
vấy	2284
giặm	2283
ngạnh	2282
chận	2278
nen	2275
chác	2265
cợt	2262
dạn	2262
nhộn	2255
lủng	2253
chịch	2248
ngạn	2248
xửa	2247
sà	2247
chừ	2245
kiết	2244
đẩu	2244
thụt	2235
gun	2230
trườn	2224
búng	2223
khiếm	2223
nhõm	2221
thào	2221
nài	2217
panh	2212
hoe	2206
thằn	2198
thing	2196
rẩy	2195
tran	2190
cữ	2187
bựa	2184
nỏ	2184
nhẩy	2183
thỏm	2177
ngớt	2170
ụ	2166
hám	2165
tráp	2165
ghìm	2157
đanh	2157
thòng	2154
bặt	2146
xẹp	2144
rắm	2143
diệm	2141
vâu	2131
phài	2125
dô	2122
rận	2121
thốn	2119
dỗi	2117
ngáp	2112
ran	2108
khuy	2108
riết	2106
nin	2104
săm	2097
ngăm	2095
lừ	2095
dộng	2092
toái	2090
guốc	2089
địu	2088
rầu	2084
sấp	2083
lự	2083
giồng	2077
láy	2075
sực	2074
loe	2071
ngoa	2071
trù	2069
try	2064
bẽ	2063
mẹt	2063
lãn	2059
đán	2058
sỡ	2056
láu	2056
nái	2054
vó	2053
lẳng	2044
rởm	2039
dè	2033
phộng	2031
xiềng	2026
phịch	2025
xén	2022
vờn	2021
chông	2017
tời	2012
đoản	2011
uất	2010
ché	2009
mỉ	2007
phẫn	2004
tiếu	1997
miệt	1995
niêu	1995
mó	1994
loanh	1991
cẳng	1991
gianh	1990
giựt	1989
phắn	1984
lấm	1980
phễu	1979
nạng	1976
hẵng	1975
lỉnh	1974
nẻ	1973
siêng	1973
vót	1972
ngông	1972
mố	1971
lòe	1971
trảng	1970
gàn	1968
dụi	1964
nghê	1964
thình	1959
tộ	1957
xãy	1952
xốc	1948
gio	1947
ỉa	1946
pay	1945
sủng	1944
gô	1944
chụm	1940
nhụy	1940
nhúm	1939
huê	1937
ia	1936
phiếm	1934
mửa	1932
luy	1929
nhứt	1929
giềng	1928
gàng	1926
răn	1914
thủa	1914
cùn	1913
cạch	1910
riu	1909
khuynh	1909
ring	1907
cùa	1906
phồn	1906
nhũn	1895
pù	1894
ỳ	1891
giũ	1889
lảm	1885
rỗ	1881
ming	1873
khựng	1872
cộm	1869
khắt	1868
tành	1867
nòi	1863
nhè	1863
phẩn	1862
bêu	1862
hẻo	1861
bợm	1859
ghẹo	1857
nạm	1854
chột	1854
lằng	1852
toang	1851
cạy	1850
rích	1847
xở	1847
thẫm	1846
nĩa	1843
mầy	1842
bấn	1841
lọng	1829
giằng	1827
loi	1826
xúm	1825
xòa	1819
ngoặt	1813
mụt	1812
dào	1811
cụp	1810
víu	1806
mãng	1801
phét	1800
thuôn	1797
đót	1795
phay	1793
ờ	1792
nải	1791
bợ	1789
rầm	1788
sọt	1787
cuỗm	1786
móm	1786
gum	1785
trớn	1783
xuể	1781
nhoáng	1781
ne	1780
hẽm	1780
bằm	1780
nhẹn	1780
quyệt	1773
hý	1773
tóe	1772
lôn	1770
ứa	1770
mề	1769
hớn	1769
mọn	1767
lèo	1767
cộ	1767
sẩy	1765
đóm	1765
đặn	1762
chá	1761
tột	1761
vông	1759
toác	1758
vối	1756
ráy	1755
voọc	1754
nhành	1754
uế	1754
mịa	1753
lặt	1750
gạ	1747
thăn	1743
thinh	1740
đờ	1739
nhựt	1738
bẹn	1737
mần	1735
nê	1734
mội	1733
nờ	1731
ngấn	1730
bịnh	1728
gợn	1727
ny	1720
cội	1720
phèo	1720
cheng	1717
nưa	1711
dũa	1710
mơn	1706
nheo	1704
nhợt	1701
chếch	1701
lúng	1701
sải	1700
rạ	1695
bẵng	1694
cộc	1694
vảng	1688
nghen	1680
soon	1680
cạ	1679
nhép	1675
chồm	1669
liềm	1669
cạc	1667
đát	1666
chợp	1661
giễu	1657
hợm	1655
mót	1655
đễ	1652
kếp	1649
dũ	1647
xình	1645
hổi	1645
diếc	1629
giốc	1624
sính	1624
mòi	1622
xược	1621
sua	1621
tịt	1619
nhòm	1617
toạc	1617
nhăng	1615
phướn	1615
beo	1611
móp	1610
trờ	1605
ruồng	1602
lải	1602
thuân	1602
ớn	1598
ảm	1598
líp	1597
tuýt	1595
quèn	1593
phìn	1590
giáy	1589
chái	1583
lềnh	1578
thốc	1577
ngáng	1576
vun	1576
suyễn	1574
ngoi	1573
phắt	1569
tợn	1569
ping	1568
quĩ	1566
oải	1566
nhọt	1566
ngộp	1565
ỷ	1559
bỉnh	1557
nhú	1557
cườm	1556
lọi	1556
nức	1556
hớ	1553
huýt	1550
đằm	1550
xức	1548
dật	1545
phung	1543
sái	1543
nấng	1543
nhải	1543
rứa	1542
rứt	1538
trãi	1535
doan	1533
thiển	1533
trối	1532
kít	1528
hừ	1525
rục	1524
ngoặc	1522
cùm	1520
rụt	1514
tót	1508
vồng	1505
dia	1503
sum	1500
xắc	1499
dề	1498
ĩ	1497
nhể	1497
thoai	1495
khạc	1494
phên	1492
nua	1492
tồ	1491
nhột	1491
vạ	1489
vể	1488
meo	1488
sới	1486
rựa	1484
dóc	1484
pải	1484
trập	1482
trư	1481
hão	1479
xỉa	1479
doe	1474
mòng	1473
rì	1472
thé	1471
hây	1471
ợ	1465
nghén	1465
sám	1464
tray	1463
lạn	1463
thẩn	1460
phào	1460
ruộm	1459
dái	1458
nậu	1458
quặn	1457
boi	1457
thớ	1457
niu	1455
cui	1454
vãng	1452
thẫn	1452
sác	1450
tau	1450
nhìu	1448
ẻm	1446
lẻo	1445
khơ	1443
siu	1441
trùn	1440
chơ	1439
ờm	1437
hấn	1431
muồng	1430
nẩy	1430
roa	1429
lèng	1427
thuấn	1427
rụm	1426
còm	1425
tuộc	1424
tạnh	1417
rết	1410
tằng	1403
dến	1403
gông	1402
rúc	1401
thồ	1398
gầu	1398
đớp	1396
thơi	1396
xị	1395
duối	1395
chứt	1394
rè	1393
gạn	1392
quết	1391
nganh	1389
chẹn	1389
lênh	1387
trui	1386
lị	1384
rỏ	1382
bập	1382
lổ	1380
lấu	1380
nhoi	1379
lẫm	1376
khước	1372
nhẽo	1372
hĩnh	1371
xộc	1371
lơi	1371
véo	1369
kiển	1368
huề	1367
bĩnh	1367
gở	1366
chêm	1362
lợm	1361
rường	1360
thoan	1357
gáo	1357
giay	1356
quơ	1356
gui	1355
rám	1354
ét	1354
lét	1353
hâu	1353
bam	1353
hó	1352
quẫy	1351
khất	1351
bum	1350
soài	1350
vói	1349
bím	1349
chấy	1348
thạc	1348
giếm	1345
bun	1344
loáng	1342
muống	1341
biền	1340
vếu	1338
oánh	1337
rái	1336
giảo	1336
hách	1336
rảo	1332
chửng	1332
hứ	1331
huých	1328
ngóc	1327
úi	1327
quào	1325
cảo	1324
trét	1322
trệ	1321
sui	1320
hum	1320
lởm	1319
ẻo	1319
cót	1318
vèo	1318
mọ	1318
mên	1313
tẫn	1312
tuông	1305
phẩy	1303
vố	1302
ngợm	1299
hớp	1295
nõn	1293
xía	1292
húp	1291
mùn	1291
vịn	1290
lới	1289
nia	1285
giập	1280
kiền	1279
hùn	1278
chỉa	1275
chét	1273
thố	1272
mống	1268
dà	1268
nồm	1268
trạc	1266
rỉa	1265
đòng	1265
noãn	1265
nhẩm	1264
lơn	1263
triễn	1263
xói	1263
khứa	1263
súy	1261
lủi	1257
lợ	1254
ngọa	1251
sờn	1247
rền	1244
lè	1243
chõ	1242
khẩm	1240
chình	1237
ngùng	1234
choán	1232
dánh	1228
pơ	1227
rúng	1227
síp	1227
hùa	1226
nhài	1225
bụp	1222
ngừ	1220
toáng	1218
giắc	1217
nhíp	1217
seng	1215
bìu	1212
ghì	1211
ngấu	1209
khêu	1208
tụm	1207
quày	1207
sỉn	1207
quệt	1206
đìa	1206
sú	1205
hẵn	1202
ngưới	1201
đếu	1201
lẩm	1200
phạy	1199
toe	1198
giòi	1197
khuây	1196
sẩn	1195
dáy	1194
gừ	1194
ngỗ	1194
moóc	1193
ngút	1192
bửa	1189
xép	1189
rợp	1188
hã	1187
ngoạm	1187
gành	1186
đét	1185
ing	1183
yểu	1183
biếm	1182
chằn	1181
bĩ	1180
chùy	1178
thán	1176
liệng	1174
bem	1174
bòn	1170
ròi	1167
phỏm	1165
tẹt	1164
deo	1161
dớp	1156
dúng	1156
phia	1154
gột	1150
rằn	1148
lõng	1148
chũi	1147
nhiêm	1144
rĩ	1141
chỏm	1139
gẫu	1134
veo	1134
hin	1134
trợt	1131
xúp	1130
toét	1128
bau	1128
oem	1127
mếu	1127
dạm	1126
lù	1124
hèm	1123
phẩu	1123
cỗi	1121
trọt	1121
diềm	1120
loai	1118
keng	1117
nhậy	1117
dụt	1114
chin	1112
mớm	1111
giãy	1111
dặt	1110
ngỏm	1107
kẻng	1107
véc	1107
mõ	1107
đẫn	1105
nhiểu	1105
nhày	1104
hiều	1104
giê	1099
phớc	1099
lun	1098
vích	1095
hổn	1095
nhẹt	1095
đuông	1094
vẩu	1094
chầm	1089
nẹt	1088
tùm	1088
nẫng	1087
hoen	1086
mịt	1084
mèm	1084
thòi	1083
kháo	1081
trỗ	1078
huyến	1077
sảo	1075
ghiếc	1074
nằng	1073
dởm	1072
vàn	1070
tuếch	1068
ãn	1068
nhữ	1067
quắt	1066
càm	1064
bớp	1063
thưng	1063
sượng	1063
chồ	1062
dĩnh	1062
miễu	1062
nhuế	1060
phũ	1060
pác	1060
xập	1059
uẩn	1059
nhum	1059
vù	1059
chiu	1058
sởn	1058
cham	1058
nhằng	1055
duẩn	1055
chẩm	1055
rá	1052
gí	1051
buy	1051
loẹt	1051
khuếch	1048
dôi	1044
gồ	1039
phuộc	1036
xấc	1035
lòn	1035
inh	1033
voa	1031
toẹt	1030
nãm	1030
hua	1028
cồ	1027
soa	1025
tiển	1025
mênh	1024
gụ	1021
nhiện	1019
xuề	1017
bổi	1016
xoàng	1011
sất	1011
nhom	1010
lum	1009
cơi	1009
cặc	1009
bấc	1007
khuyển	1006
huyễn	1006
din	1006
rống	1006
sụ	1004
phệ	1003
rướn	1001
lền	999
nhin	998
xổng	998
xổi	997
hấu	996
rôm	992
nhếch	990
nhãng	990
ắng	989
sẩm	989
vểnh	988
sổng	986
oách	985
trảo	985
rai	981
ới	981
sượt	980
trể	978
thó	977
khạo	969
nựng	969
sớ	967
dềnh	966
xùa	966
chỏ	965
khoeo	964
dụm	963
sy	963
mún	963
xàm	963
oái	962
hoai	962
néo	962
nhíu	961
huổi	960
sậy	959
chẵng	958
trụng	957
khum	954
xẹt	954
liệm	952
queo	952
trọi	952
xối	952
váo	950
dèm	949
mén	948
ngụp	947
đển	946
iên	943
dừ	943
áy	943
tun	942
sũng	939
rờ	938
thược	938
kẹ	936
muôi	935
ngâu	934
tồng	934
thoạt	934
thảnh	933
chớn	930
nành	930
ỏi	930
trắm	929
truông	928
khản	928
đước	928
nặm	928
khều	928
bòng	926
ngoảnh	926
náy	924
ếm	923
chiện	923
oắt	923
diệc	923
bươn	922
liếp	922
sướt	919
pia	918
thèn	918
giắt	914
chổng	913
tàm	912
chường	911
sỏ	911
pờ	909
xè	908
mèn	907
lể	906
mẫm	904
vừ	903
nhều	900
choại	899
trìa	899
vọc	899
ling	898
xing	898
nán	897
ngủm	897
móa	896
lích	896
pôn	896
liễn	895
nghèn	895
téc	895
róc	894
luyên	893
bõ	892
páo	890
ghè	890
mịch	889
lé	888
diếp	886
sún	885
rọc	885
lúm	882
ré	882
phiệt	881
dịnh	881
nhiền	880
tửng	879
ủn	878
sửng	877
hóp	876
ngưởi	873
hoạc	873
vắn	872
sộ	871
ghém	870
tọc	870
thũng	868
hiêu	866
thin	866
nuốc	866
nhông	866
viềng	865
tém	863
gioăng	862
tủa	861
piêu	861
mú	860
rệt	859
quạo	858
tơn	856
xiêu	854
nghía	853
chúi	852
xôn	852
dẽ	852
chạc	847
phỗng	844
đạ	842
rin	841
tét	840
ngái	840
măm	840
díu	840
cum	840
ém	840
tìn	839
cắc	839
sớt	836
nhưn	836
dòn	834
pai	834
xìu	833
phịa	832
ò	831
vầu	831
phạ	830
nghè	829
thít	827
dem	827
chuôi	827
nhặn	824
giư	824
đở	819
hầy	818
nhõ	817
dằm	816
bấp	814
tươm	814
nghia	813
vôn	812
đưng	812
quắc	812
xuy	812
bặm	812
thộn	811
chòe	811
mềnh	808
láp	806
hiu	805
quẫn	805
thẹo	805
dìa	804
hựu	803
đĩnh	801
đụn	801
ùm	800
pom	798
xum	796
nhón	795
lử	794
thọt	793
tỏng	793
thõa	792
hiễu	792
moe	791
nhắt	791
nhoài	789
thàng	789
ay	786
hảy	785
khựa	784
phỉnh	784
quéo	784
thiểm	783
quánh	781
ửng	781
quạu	781
hừng	779
lổi	779
khướt	778
uây	778
rén	776
khò	774
vợi	774
khập	772
lởn	771
cọn	771
kin	768
hửng	763
pắc	763
chóe	763
pà	762
rịa	762
khuổi	762
nhuần	761
sem	761
hủi	759
quạnh	759
đom	758
chạch	754
bềnh	752
phóc	752
mích	752
ện	752
ưm	751
ríu	749
trê	749
vạng	749
gôm	747
sít	747
gú	746
gờm	746
buồi	745
xiu	742
bấu	741
úm	741
hể	740
đềm	739
bịu	738
quàn	736
khuông	735
huơ	734
lẩy	734
bốp	734
dẳng	732
giẽ	732
pì	731
chượp	731
mim	730
rộc	730
xửng	730
nếnh	730
vục	729
gá	729
hống	728
giua	728
bắng	727
hắng	727
beng	727
giớ	726
nuông	726
quì	726
heng	725
biễn	723
phụt	722
hụ	722
choảng	721
chặc	721
hế	720
lồn	719
hướm	718
lịa	717
bâu	716
ngàng	715
phàng	715
thỉ	714
ruy	713
lườn	709
rui	709
via	708
đia	707
rạc	707
gượm	706
mĩm	706
trừu	706
xôm	703
lếu	703
mổi	701
méc	701
khoi	701
gủi	701
quặt	700
xáng	697
som	696
mấn	695
đũng	695
ngàm	695
nhắp	695
dích	695
kheo	695
xắp	695
cón	694
ních	694
sẵng	693
rộm	689
ngọng	688
phuy	688
bẳng	688
pê	688
dòi	688
hì	688
trôm	688
nhó	686
hển	685
luẩn	685
vởn	685
lẹm	684
xổm	681
són	680
bươm	680
sịp	679
goon	679
diến	677
ại	675
sộp	675
rặt	675
phớ	675
hỉnh	674
háu	673
tăn	673
đơi	673
nhợ	668
quăn	667
cưu	667
chọt	667
dớt	666
kẹc	666
phé	666
mũn	666
xò	666
chũ	663
gâm	663
ỉ	663
huội	662
khứu	661
mán	655
nhứng	654
giong	654
phờ	654
hiềm	654
ắp	653
đung	653
nhớp	653
xẩm	650
gảy	650
ní	646
khảng	642
dực	642
trứ	642
quằn	641
lẹo	641
trơi	641
khắn	641
phạn	641
tíc	640
bớ	639
lốn	639
nâm	638
túa	636
gằn	636
trau	634
đui	634
nọi	630
xoạc	630
pả	630
tuốc	629
đúa	629
hịch	629
xèng	628
xuông	628
boon	627
mém	627
cheo	624
chẩu	624
hui	623
chơn	622
xường	622
giãi	622
hởi	621
nứng	621
tòi	621
chội	620
nớt	620
ẹc	620
é	617
biều	616
rí	616
diểm	616
ưỡn	615
oát	615
lờn	615
ọe	615
càu	613
khiễng	613
đủi	613
nhay	609
rua	609
kềnh	609
khoen	609
rắng	608
trẹo	608
gáp	607
nhõng	606
giậu	603
quện	603
răm	602
núc	602
buột	601
ngắc	601
dỉ	599
đẻn	598
bẵm	598
tré	598
xuê	597
nầm	597
ảng	596
sì	596
phướng	596
lựng	596
xút	596
tễu	595
đẹt	595
bủa	595
thụng	595
chọ	595
nhùng	594
dách	594
ruổi	594
ã	594
mẽo	593
ghệ	593
phơ	589
đẫy	589
dợt	588
ín	587
dú	585
bứng	584
nhon	584
têm	584
nhừng	582
chảng	581
chọe	581
tĩu	580
đân	577
khuỵu	576
bui	576
rày	576
đén	575
nghì	575
huyn	572
nẫu	570
đạng	570
đọi	570
đì	570
hoẵng	569
lảo	569
dẩn	568
cỏn	567
sết	566
xuyệt	565
ry	565
nọng	564
bua	564
moong	564
thia	564
nhoẻn	563
nhạ	563
nhách	563
nác	562
truệ	562
tháy	562
chóa	562
mõi	562
nhéo	562
khư	561
nhụt	561
tùi	561
hùi	557
ting	557
lững	556
xầm	555
chậc	555
khú	555
toanh	554
ặc	554
nhởn	554
nghịt	552
choang	550
nui	550
gày	550
giòng	550
ngoằng	549
khoắn	549
trỏng	548
lỏm	548
khà	543
gường	543
nây	543
phổng	543
tổi	542
kếch	542
mưng	542
thuẩn	542
triêu	542
leng	542
doom	542
nhê	542
đú	542
khắm	542
thết	541
phọt	541
chạ	541
khom	541
reng	541
pong	541
giì	540
gỏng	540
khõi	540
ngưi	540
quắn	537
khưu	537
teng	537
dộ	537
vệc	536
nãi	536
xừ	535
trề	535
háy	534
bỡn	534
bôm	533
huồi	533
ỉu	532
pò	531
pí	530
vưu	530
pá	530
chạn	530
dõng	530
hững	530
dổi	529
tực	529
khướu	529
ị	529
dượt	529
lắt	528
cõ	528
núng	528
xùy	527
dận	524
triện	523
phum	523
tiu	523
tiêng	523
dứng	523
xan	522
hem	522
òm	522
tọng	521
kháu	521
hăn	521
hón	519
quặp	517
lúp	516
bải	516
tậm	516
khoắng	516
bôn	516
chạng	515
viển	515
đụt	514
ngồng	511
chĩnh	510
hoác	510
chầy	510
ràm	509
thướng	509
vẳng	509
nhiu	508
chũng	508
huênh	508
sồng	504
peng	504
mủn	503
sênh	503
ên	503
khủy	503
xữ	503
hòi	502
bỏi	502
béng	501
lêu	501
rúm	501
gâu	501
chuyn	501
trẽn	501
khòng	499
mung	499
bương	498
xúy	498
ươn	498
giâm	498
khọt	498
mỷ	497
phây	497
trỉa	497
lua	497
khênh	496
hưỡng	496
liện	496
dy	495
dum	495
chờn	495
thá	494
ướm	491
nhẫy	490
dồng	490
nhao	490
sù	490
buối	490
pim	490
dười	489
chời	489
ươi	489
sãn	488
xuýt	488
gổ	488
gẫm	488
muên	488
trằn	488
thuổng	484
cộp	484
tiệu	483
dình	483
nhữn	482
nhẹm	482
giử	482
ạt	482
giài	481
nhẹp	481
pum	481
tọt	477
bót	476
nhưỡng	476
hau	476
khem	476
ngầy	476
nháo	475
ài	475
nghệch	475
ẹt	475
uầy	475
ròm	472
gười	471
gẩy	471
bẹt	471
nhủi	470
tưa	470
cữu	469
lất	469
lữa	469
cạm	468
tịa	468
bòa	466
nhây	465
dìn	465
hõm	465
phiêng	465
riêu	465
chèm	464
ỏ	464
rem	464
nhiệp	464
ớ	464
hếch	464
mế	463
nhệch	463
dảnh	463
khếnh	463
khắng	463
dóng	463
đỏi	463
lưa	463
ồi	462
tram	457
doãn	457
dặc	457
oẳn	456
chành	456
quít	456
bép	456
choa	455
hén	455
nhý	455
quại	455
súa	452
ua	451
cuôn	451
hụp	451
dơn	450
xáp	450
phoi	450
đàu	450
khè	449
sắng	449
lức	444
vùa	444
giái	443
hoản	443
gới	443
tiếm	443
rần	442
kiễm	442
phui	442
àm	442
pằng	442
đãy	442
lịnh	438
nhổm	438
phiểu	438
vốc	437
đin	437
pín	437
bậu	437
yều	437
đảnh	436
khấc	436
thừ	436
chĩ	436
đoái	436
lâng	435
đênh	435
bướt	433
táu	432
húy	432
hới	432
hủa	431
dọi	431
rụp	431
sặt	431
hảng	431
ngoác	431
rịt	431
tuối	430
gié	430
xang	430
trính	430
giậm	430
giu	430
mem	430
xạc	430
mơi	429
trìu	429
bẳn	429
nịch	429
sằng	425
híp	425
phùn	424
đăm	424
mẹc	424
truyên	423
vảo	423
ẹo	423
gióp	423
chẳn	423
nều	423
kều	423
dất	423
gơ	423
sồn	422
rếu	418
ning	418
lườm	417
dáo	417
cấc	417
chiền	417
ỉm	417
chẹt	417
dá	416
òng	416
táy	416
chỉn	416
xồm	416
doa	410
tạch	410
nhiếc	410
nệ	410
phởn	410
cọt	409
nũa	409
rườm	409
chược	409
doon	409
ẳm	409
khịa	406
hện	404
đưới	404
sém	404
huỵch	404
quờ	404
tói	404
quắp	403
rả	403
thom	403
rắp	403
đợc	403
ruỗng	402
kệch	402
mũm	402
hẩu	399
tứa	398
đũi	398
lỉu	398
khục	398
vẹm	398
triêng	398
dử	397
săng	397
só	397
hực	397
khồng	397
ngoắc	397
vửa	397
coa	397
dim	397
họi	396
dằng	396
kiếu	396
quác	395
soạng	395
trịch	395
xỉnh	395
bạnh	391
giạ	391
đác	391
biễu	391
vòa	391
khon	390
rổi	390
hục	390
ngữa	390
oe	390
chìu	390
thẩy	390
trim	390
thịch	390
cợ	389
sàm	389
ợt	389
béc	385
đoảng	385
rân	384
phứt	383
gúp	383
dồ	383
ực	383
roài	383
tiễu	383
lụn	383
ghề	383
đười	382
sấn	378
nững	377
giuộc	377
cồi	377
vởi	377
dun	377
ể	377
rón	376
tắn	376
bủn	376
uể	376
hợt	376
loàn	376
mạp	376
sòm	376
ãy	376
đí	376
dụa	372
khoàng	371
đểm	371
xú	371
thóa	371
thút	371
sãi	371
vày	371
lạo	370
trôn	370
mêm	370
lậy	370
chụy	369
hửm	369
lưi	369
đớt	366
séng	366
bía	366
phềnh	366
khén	365
truồi	365
chẻo	365
ngụt	365
miêng	365
xai	364
dăng	364
trớt	364
xếch	364
chõng	364
ầu	364
gậm	364
xơn	364
nhẩu	364
đốp	364
thùa	364
bệu	364
rắt	364
rề	364
coon	364
nhặng	363
nũng	363
dẫy	363
phưu	363
choai	363
hóm	363
ngoạc	363
rạo	363
mủi	363
nhong	363
tó	363
choắt	359
dớn	359
phốc	359
thàn	358
nớ	358
xoẹt	358
ròn	357
trẩu	357
ình	357
lặc	357
tõm	357
vạy	357
quao	357
đật	357
thía	356
xoi	356
muồi	356
gắm	356
ỏng	352
nhiềm	352
sệ	351
lếch	351
tở	351
sồ	351
bển	351
xịch	351
quở	350
vâm	350
nhớn	350
sữ	350
nhền	350
sé	350
trệch	350
ngổ	344
hị	344
đệp	344
đễn	344
lủ	343
ching	343
liếng	343
chù	343
nhứ	343
giề	343
chởm	343
quệ	343
dún	339
kễnh	339
hèo	338
meng	338
chẽn	338
ăm	338
coong	337
ản	337
nhoẹt	337
rẳng	337
tréo	337
soe	337
cúa	337
nhín	337
thổng	337
thụi	337
nhuốc	336
hẳng	336
ngợ	336
rạm	333
miềng	333
lũa	332
lọp	332
truyến	332
vanh	332
xồ	332
cừa	332
pú	332
xiêng	332
xênh	332
triến	331
trảy	331
chạo	331
pán	331
xỏn	331
eng	331
chuổi	331
chộ	331
nghin	331
riệp	331
siêm	331
thởi	331
goòng	331
diu	330
nư	330
èo	330
dọ	330
loát	330
xoe	330
lảnh	330
giạt	330
thặng	330
choạng	330
xuỵt	330
gim	325
ngoắt	325
rướm	325
muỗm	324
khầu	324
muông	324
nơm	324
nhiếu	324
phám	324
xán	324
rùm	324
thạt	324
chủa	324
ục	324
sạo	323
ỉn	323
thổn	323
éc	323
pua	318
doang	318
bảm	318
soong	318
diển	318
trược	318
sơm	318
nữu	318
thõng	317
xoàn	317
hữa	317
dẹo	317
bụ	317
nghiêu	317
vược	317
thễ	317
đúm	317
ềm	317
đỉ	317
mồn	316
ngưỡi	316
nãng	316
trành	312
xụp	312
dắc	311
ót	311
chẹp	311
hơm	311
vọp	311
ngật	311
đáu	311
chắng	311
nùi	311
quạng	310
muổn	310
nhò	310
thẻo	310
rơn	305
khìn	305
múp	305
đượng	305
nhiễn	304
mím	304
xố	304
trạo	304
cũa	304
đõ	304
lém	304
nhăm	304
thè	304
chô	303
thỳ	303
nhãm	303
nhố	303
qué	303
thãi	303
phạo	300
uôn	299
ngùn	299
sia	299
tọe	299
dịa	298
pát	298
pít	298
khùa	298
pó	298
đép	298
lúi	298
triên	298
tủm	298
xam	298
đởm	298
dín	298
gặng	298
sễ	298
lìm	297
hoay	297
luốn	297
nạy	297
dợ	297
làu	297
cuồn	297
gii	297
sụng	292
bẹo	291
phảm	291
rớm	291
xòm	291
xeo	291
lẹt	291
gữi	291
nục	291
phấm	291
tiềng	291
khỏ	291
phới	291
nhựng	290
chẩy	285
phúng	285
choẹt	285
cới	285
ột	284
nghiễm	284
chới	284
nột	284
gải	284
trởi	284
giộp	284
ạnh	284
khịt	284
nhối	284
ẹp	284
ọp	284
ngác	278
niết	278
chò	278
ngoe	278
pốt	278
sựu	278
buỗi	278
quọ	278
phéng	277
êu	277
loạng	277
vãnh	277
vạm	277
điu	277
nhỏm	272
thếp	272
nghệp	272
nhương	272
thát	272
toong	272
bằn	272
dộc	272
lế	272
nống	272
giội	271
nập	271
rế	271
chắm	271
soạt	271
khị	271
dẽo	271
lớ	271
nả	271
khộng	271
trẻo	271
ùng	271
ếu	271
trịa	271
bệch	270
híc	270
khoắt	270
rỏi	270
thuồng	270
khộp	266
pồ	266
đém	266
khoong	266
thòn	266
trự	266
rạt	266
trằm	266
xím	266
hoánh	266
nủ	265
trạnh	265
tũn	265
duật	265
noong	265
trện	265
xạm	265
chũm	265
moan	265
chuyết	265
doãng	265
liệp	265
ngoải	265
bẫng	265
coe	265
thẩu	265
điêm	265
khoải	265
lụm	265
bễ	265
húi	265
quảy	265
sựt	265
sỷ	265
quài	265
mính	264
ọc	264
trộng	264
khãn	264
nghĩnh	264
bơn	264
gií	264
giăm	264
ngữi	264
nọt	264
hẫn	258
kiễng	258
mởi	258
vự	258
chụt	258
tởn	258
hản	258
nghéo	258
xỏa	258
đoàng	258
hiết	258
tền	258
bỡ	258
xề	258
ời	258
điễn	258
ết	258
cức	258
kên	258
mỉnh	258
trố	258
tằn	258
khỉnh	257
hiễm	257
nhèo	257
nãn	257
biêu	252
ngãng	252
tiểm	252
ồng	252
coóng	251
goa	251
mãu	251
nghẹ	251
dấp	251
roam	251
xiền	251
trổi	251
bẫm	251
cời	251
nhiểm	251
phảng	251
ịch	251
khọm	251
loay	251
ngoằn	251
oài	251
toạt	251
bòi	250
nhén	250
quạc	250
xẩu	250
éng	250
dướng	245
nảo	245
muốt	244
tuyện	244
nhửng	244
chề	244
nhụa	244
huần	239
mý	239
đon	239
lỹ	238
nẳm	238
thườn	238
bụa	238
xái	238
dủ	238
khụ	238
loong	238
hày	238
nhiệu	238
troi	238
chiệu	238
hự	238
kiễu	238
rới	238
đẵng	238
bợn	238
thuyển	238
dả	237
nùa	237
thuộm	237
thưi	237
lứt	233
mẳn	233
nhơm	233
phèng	233
chạt	233
mủng	233
noa	233
pạ	233
thuất	232
nhời	232
ràn	232
tẹc	232
vam	232
vằng	232
dọng	232
búc	232
dáu	232
huôi	232
oóc	232
thẻn	232
vư	232
vống	232
gườm	232
đướng	232
choe	232
giôn	232
khun	232
nèn	232
rều	232
sật	232
triêm	232
uôm	232
giữu	232
ngùi	232
điệm	232
đãm	232
ghèn	232
giéc	232
nhôn	232
rẻo	232
xéc	232
xọc	232
báy	232
hính	232
ngạ	232
nhẳng	232
dé	231
gấn	231
gời	231
khời	231
niền	231
dúm	231
khĩ	231
nhắng	231
xom	231
è	231
xệch	231
lãy	231
quo	231
thếch	231
vánh	231
vình	231
cổn	226
nhèm	226
giấp	225
nguôn	225
đẹn	225
rũa	225
xộ	225
hoanh	225
phẫm	225
xim	225
hác	225
kẽo	225
oản	225
thiếng	225
bãn	225
miểng	225
phon	225
thủi	225
trằng	225
ành	225
gộc	225
trển	225
xống	225
ngẫn	225
luộm	224
lói	224
suyển	224
tẻm	224
điếng	224
đễnh	224
trài	219
rở	219
hỗng	218
lụp	218
thạm	218
vọ	218
doán	218
tếch	218
hặc	218
ngừi	218
nhẫm	218
nuy	218
tuôi	218
ọi	218
xìn	218
giói	218
nhẩn	218
thữ	218
uỵch	218
xực	218
điêng	218
đêu	218
nghẻ	218
dửng	218
phỉa	218
chặp	212
cũn	212
hều	212
phọng	212
dều	212
nghệm	212
nhên	212
sỗ	212
liến	211
khù	211
muồn	211
giụa	211
nguệch	211
nhùi	211
thãng	211
trãn	211
tĩm	211
chịt	206
cọi	206
ỏm	206
nhỹ	206
nhưu	205
sường	205
trêm	205
xằng	205
bưới	205
rưng	205
giầm	205
chiển	205
ược	205
phấp	205
đợ	205
buốn	205
chíu	205
khấm	205
nhụi	205
chểnh	204
mậy	204
têu	204
áu	204
ậy	204
lống	200
lồm	200
nguốn	200
suôi	200
guột	199
khìa	199
ngặp	199
oạch	199
truyển	199
trốc	199
đẩn	199
nghiễn	199
ngường	199
trẩy	199
vỵ	199
xồng	199
hoặt	199
ngõa	199
ngườm	199
phời	199
soan	199
trây	199
nhướng	199
noon	199
bủ	199
nghế	199
nghỉu	199
nuốm	199
poi	199
quạn	199
ụng	199
chuồi	199
tầy	199
ần	199
bõm	198
dỏng	198
lợt	198
phiển	198
rù	198
phòi	198
dáp	198
hạy	198
miều	198
piu	198
vường	198
giỡ	198
nỏi	198
rươu	198
cỡn	198
xự	198
đị	198
dảy	193
bủng	193
py	193
bợt	192
vên	192
đự	192
hữ	192
ẫn	192
são	192
tỏm	192
chạnh	192
họn	192
nỏng	192
thài	192
toài	192
măn	192
quịt	192
đão	192
nhóp	192
sí	192
truân	192
chía	191
hửu	191
phãi	191
điễm	191
kiu	191
lỏn	191
ngoẻo	191
ày	191
bãng	191
chãm	191
dùa	191
hĩm	191
liếu	191
sịn	191
sịt	191
tưởi	191
xăn	186
chão	185
ngững	185
thên	185
trức	185
lưởi	185
xềnh	185
dón	185
lậm	185
ngưởng	185
bĩu	185
gièm	185
giừ	185
gằng	185
ngòm	185
xày	185
nò	179
róng	179
chỗi	179
cuôi	179
giơi	179
kếm	179
ngưa	179
ngẩu	179
quyễn	179
khiểng	178
khiểu	178
phậm	178
thồng	178
xêm	178
độp	178
lèm	178
nớp	178
xời	178
ngổn	178
nhít	178
phị	178
thãm	178
đíu	178
hập	173
tóa	173
dứ	172
hợ	172
rến	172
xư	172
đoa	172
doàn	172
díp	172
dức	172
ngóm	172
nười	172
oại	172
rựu	172
thoe	172
trũ	172
hiệt	172
hẩm	172
phảo	172
sảm	172
nghịu	172
nhoét	172
đing	172
khẩy	172
lắn	172
mốn	172
phệt	172
quải	172
tữ	172
vủa	172
chựng	166
dĩn	166
giô	166
tría	166
bư	166
dờ	166
khẳn	166
khệt	166
liềng	166
mưới	166
phính	166
trạn	166
xính	166
đẩm	166
ề	166
gích	166
kháp	166
khảu	166
nguýt	166
num	166
phẹt	166
rún	166
thoàn	166
trấp	166
ậc	166
ỹ	166
khụy	166
bửng	166
cuông	166
cốn	166
cững	166
giổ	166
giởi	166
hoải	166
khổi	166
khới	166
lảy	166
lẳn	166
nhùn	166
phăn	166
piêng	166
pía	166
pưa	166
pịa	166
sổi	166
sụm	166
sừa	166
thiềm	166
thểm	166
trươi	166
tuyn	166
viu	166
đận	166
ự	166
lến	166
sằn	166
thàm	166
cừng	165
guộc	165
hổm	165
nót	165
thỗ	165
viến	165
vưa	165
xia	165
xon	165
dêm	165
hĩ	165
tễ	165
đỏng	165
hênh	165
hửi	165
lộp	165
lởi	165
uýt	165
đỏm	165
lẹp	160
nhòng	160
chản	159
dút	159
nghẹo	159
hia	159
gống	159
mạy	159
tuẩn	159
vọi	159
bươi	159
vỏn	159
bụm	159
lóm	159
tuya	159
kịt	159
nguậy	159
đuề	159
bắm	158
gọ	158
hõi	158
nhem	158
nõi	158
rược	158
toàng	158
vỉn	158
ạch	158
nghễnh	153
rừ	153
muỗn	152
sền	152
thứu	152
choong	152
chuấn	152
hiệm	152
ngồn	152
nằn	152
phừng	152
rảy	152
thọi	152
tứng	152
đưỡng	152
ốn	152
chảu	152
dăn	152
lỡi	152
mản	152
ngẩm	152
nũ	152
phôn	152
vướn	152
đoi	152
míc	152
nghỉm	152
tèn	152
íc	152
bộp	152
ging	152
léc	152
lẽn	152
mấp	152
nhình	152
ró	152
vộ	152
àn	152
đượi	152
ừng	152
cuổi	146
gôi	146
mửng	146
phiều	146
goong	145
lằm	145
mứa	145
nhiến	145
thênh	145
xun	145
xuổng	145
uýnh	139
gồi	139
khoằm	139
ngù	139
phâm	139
riếng	139
cháng	139
khuỷa	139
khẳm	139
nõ	139
quới	139
sây	139
vỗn	139
yển	139
đặp	139
đợn	139
ọt	139
chuần	139
chõi	139
chưn	139
gie	139
lom	139
miển	139
moa	139
mốp	139
nhưa	139
nhần	139
nhệm	139
phạch	139
phồ	139
sị	139
tring	139
trỡ	139
bỡi	139
thấn	139
ĩnh	139
chuyễn	139
chún	139
hoắt	139
khảnh	139
mởn	139
niếm	139
đứ	139
ườn	139
bâng	133
choản	133
cóm	133
duẫn	133
giảnh	133
giần	133
họt	133
nhuẫn	133
nhù	133
nợn	133
sấc	133
trủng	133
chẹ	133
chễ	133
duyện	133
dác	133
dão	133
dôn	133
mằn	133
nghệt	133
nhôi	133
nhẻm	133
nơn	133
nềm	133
oét	133
phơn	133
păng	133
ruỗi	133
soọng	133
sẻn	133
sểnh	133
sộng	133
toòng	133
triếp	133
trến	133
trệu	133
voòng	133
vọn	133
xoải	133
xín	133
óp	133
buốc	133
chiễm	133
chờm	133
coọc	133
gừa	133
háp	133
iện	133
khòn	133
khạp	133
khủ	133
nghiều	133
nhoằng	133
nhợn	133
niện	133
nẫm	133
pông	133
roon	133
rổn	133
sọp	133
trờng	133
xấn	133
àng	133
ộ	133
gẫn	133
lứu	133
biệc	132
bẩu	132
bậm	132
giân	132
hỗi	132
khin	132
khẻ	132
ngàu	132
nì	132
quam	132
quạch	132
thoản	132
vụi	132
chàu	132
cuồi	132
dạc	132
giú	132
hoằn	132
hưa	132
khàng	132
muy	132
niểm	132
nình	132
sậu	132
tõ	132
vùn	132
vồn	132
xướt	132
điệt	132
diểu	126
lưởng	126
tẻo	126
giàm	126
nưng	126
thẳn	126
cẫm	126
củm	126
khoáy	126
lọa	126
lỗng	126
lụ	126
mủa	126
ngở	126
nẳng	126
tẳng	126
vổ	126
xúng	126
yêm	126
đâng	126
dảo	126
dủng	126
gẩn	126
hỏ	126
ngum	126
nhâu	126
siều	126
tón	126
vứng	126
vỳ	126
ộp	126
cữa	126
dổ	126
nhãy	126
nộn	126
từa	126
đừ	126
bẽn	125
chuện	125
chéng	125
cãn	125
cụi	125
hỡ	125
lụng	125
mum	125
oang	125
quâu	125
rủng	125
thuyệt	125
vằm	125
xoàm	125
xuôn	125
xuốn	125
õ	125
chỏng	119
chớt	119
nhồng	119
vủ	119
cẫn	119
duổi	119
gữa	119
huyng	119
hếu	119
khơng	119
nàu	119
trã	119
tược	119
tỏn	119
giào	119
giãm	119
gọc	119
mươn	119
noen	119
oàn	119
phắc	119
rệu	119
sẹ	119
tuồi	119
tỉm	119
vễ	119
đết	119
ứu	119
nghẻo	112
nguẩy	112
thụp	112
bòm	112
lúy	112
mẫy	112
sã	112
thoãi	112
thậy	112
trổng	112
tòn	112
tợ	112
vện	112
ẳng	112
ếp	112
ịa	112
nàm	106
thum	106
đẹo	106
dạnh	106
hốn	106
lẻm	106
lổn	106
rịch	106
thứa	106
trỗng	106
tênh	106
ơng	106
ụp	106
giõi	106
giửa	106
gíp	106
lũi	106
mước	106
nghể	106
ngượi	106
nhoe	106
quóc	106
quền	106
thoài	106
thượt	106
thội	106
tộn	106
tợp	106
vòn	106
xẫm	106
yệu	106
đườn	106
