accuracy,en,clean,2000,1.0,0.953,0.856,0.9085,-0.1115,-0.0815
accuracy,en,one-slip,1726,0.863,0.92,0.8778,0.9415,-0.0568,-0.0278
accuracy,en,two-slips,157,0.5286,0.7516,0.8599,0.9363,0.051,0.172
accuracy,vd,clean,2000,1.0,0.996,0.9525,0.976,-0.0535,-0.035
accuracy,vd,no-marks,432,0.9133,0.9005,0.794,0.9144,-0.1435,-0.0718
accuracy,vd,one-slip,1144,0.7366,0.9292,0.8435,0.9397,-0.1066,-0.0664
accuracy,vd,two-slips,37,0.3814,0.973,0.8919,0.9189,-0.2162,0.027
accuracy,vi,clean,2000,1.0,0.9945,0.952,0.979,-0.052,-0.0335
accuracy,vi,no-marks,1380,0.9139,0.9058,0.8152,0.937,-0.1094,-0.0717
accuracy,vi,one-slip,1468,0.734,0.9339,0.8787,0.9619,-0.0722,-0.0395
accuracy,vi,two-slips,169,0.487,0.9349,0.8935,0.9645,-0.0888,0.0059
accuracy,vs,clean,2000,1.0,0.9945,0.9235,0.9655,-0.0835,-0.059
accuracy,vs,no-marks,781,0.9899,0.8156,0.7324,0.8476,-0.1101,-0.0538
accuracy,vs,one-slip,1466,0.733,0.8561,0.8206,0.9038,-0.0539,-0.0164
accuracy,vs,two-slips,82,0.4824,0.8537,0.8049,0.9146,-0.1463,0.0488
safe,ngram,0.5,8610,7275,1335,13.75,,
safe,ngram,0.7,7830,6913,917,9.875,,
safe,ngram,0.9,6755,6260,495,6.0,,
safe,ngram,0.97,5845,5562,283,3.125,,
safe,ngram,0.99,5097,4913,184,2.25,,
safe,teacher_left,0.5,9250,6718,2532,70.625,,
safe,teacher_left,0.7,8070,6362,1708,47.375,,
safe,teacher_left,0.9,6522,5655,867,21.25,,
safe,teacher_left,0.97,5339,4888,451,9.75,,
safe,teacher_left,0.99,4479,4217,262,4.75,,
safe,teacher_full,0.5,9447,7619,1828,39.875,,
safe,teacher_full,0.7,8755,7438,1317,26.5,,
safe,teacher_full,0.9,7825,7046,779,13.625,,
safe,teacher_full,0.97,7041,6605,436,6.25,,
safe,teacher_full,0.99,6409,6124,285,3.25,,
